hanchan_id,room_class_label,seat0_player_name,seat1_player_name,seat2_player_name,seat3_player_name,source_url
20260412052527,上級卓,パシフィック,笑ってコラえて！,sakura丿,199053,
20260412052922,特上卓,s6u,こいきき,Fsight,skybit,https://tenhou.net/0/?log=2026041205gm-0029-0000-849c42ee&tw=3
20260412055023,特上卓,s6u,せんざんこうさん,欧陽,シゲルペペ,https://tenhou.net/0/?log=2026041205gm-0029-0000-249f0a00&tw=2
20260412062254,一般卓,パシフィック,清水新吾,SAL,高田馬場,
20260412065824,上級卓,パシフィック,hikaru,Sadou,天然ジイ3,
20260412065843,,パシフィック,よく分からない,NoName,gieron,
20260412143821,一般卓,パシフィック,sabiuu,midoriko,ガルガル,
20260412144902,上級卓,パシフィック,sasimize,tetwo54,kimikoo5,
20260412150637,上級卓,パシフィック,秀③,にっしー,NoName,
20260412152012,上級卓,パシフィック,江頭5:73,結城めぐみ,水ラーメン,
20260412152541,一般卓,パシフィック,ケンメイ3534,NoName,クルンテープ,
20260412152944,上級卓,パシフィック,minimomo,NoName,Moritaxi,
20260412155326,一般卓,パシフィック,とても悲しい,hiro0905,NoName,
20260412193706,一般卓,パシフィック,KrlJiKay,サカ天和,akio,
20260412213933,一般卓,パシフィック,ゆーだんだん,amarcome,NoName,
20260412214113,上級卓,パシフィック,D.G.,kyonta,ひらもと,
20260413000312,上級卓,パシフィック,NoName,かっちゃん,shin5u2,
20260413021631,一般卓,パシフィック,たけのうち,ネパールカレー,ひょうもんたこら,https://tenhou.net/0/?log=2026041302gm-0001-0000-3e3895a7&tw=2
20260413023111,上級卓,パシフィック,sabakan,Tovenaar,NoName,https://tenhou.net/0/?log=2026041302gm-0009-0000-7d021b04&tw=3
20260413030233,上級卓,パシフィック,crimson,ぱぱん2,ht-pt,https://tenhou.net/0/?log=2026041303gm-0009-0000-1a7a11f1&tw=3
20260413033302,一般卓,パシフィック,喉頭形成術Ⅴ型,小田時人,NoName,https://tenhou.net/0/?log=2026041303gm-0001-0000-3f7a0591&tw=0
20260414000100,一般卓,パシフィック,NoName,わはは,ジャーナリスト魂,https://tenhou.net/0/?log=2026041400gm-0001-0000-8c650eb8&tw=2
20260414001450,上級卓,パシフィック,M＆I,いちちち,NoName,https://tenhou.net/0/?log=2026041400gm-0009-0000-9af0faca&tw=3
20260414002828,上級卓,パシフィック,NoName,アンディだよ。,Millio,https://tenhou.net/0/?log=2026041400gm-0009-0000-32429238&tw=2
20260414005815,上級卓,パシフィック,Ds.,yhm,matsu_r,https://tenhou.net/0/?log=2026041400gm-0009-0000-dc5dcd76&tw=0
20260414012700,一般卓,パシフィック,あゆひな68,霜一八,ABCDC,https://tenhou.net/0/?log=2026041401gm-0001-0000-8791f7fa&tw=1
20260414013924,一般卓,パシフィック,unryu,ひろぼうA1,ryu1110,https://tenhou.net/0/?log=2026041401gm-0001-0000-293a91ee&tw=2
20260414143934,一般卓,パシフィック,深海,Toshie,きんぎょすくい,https://tenhou.net/0/?log=2026041414gm-0001-0000-05a143d8&tw=2
20260414171043,一般卓,パシフィック,そのまま,小助,NoName,https://tenhou.net/0/?log=2026041417gm-0001-0000-30667d91&tw=2
20260414172200,一般卓,パシフィック,変身忍者,ミセスｋ,ABC1234,https://tenhou.net/0/?log=2026041417gm-0001-0000-84593df6&tw=1
20260414174031,一般卓,パシフィック,ユウイチ,HUTO,koda08,?log=2026041417gm-0001-0000-f6f37141&tw=1
20260414180944,上級卓,パシフィック,hfhgudiw,NoName,レオプ－,?log=2026041418gm-0009-0000-8bb770f4&tw=0
20260414182620,上級卓,パシフィック,NoName,itsulove,monohon,https://tenhou.net/0/?log=2026041418gm-0009-0000-b3a47f78&tw=2
20260414185553,一般卓,パシフィック,ここ姫,NoName,チーズとクルミ,?log=2026041418gm-0001-0000-6dc5c0a3&tw=0
20260414190818,一般卓,パシフィック,ゆみん,じぇいそんおずま,isamu713,?log=2026041419gm-0001-0000-31810a3b&tw=2
20260414214015,上級卓,パシフィック,優良会員・・・２,WKBXW,NoName,https://tenhou.net/0/?log=2026041421gm-0009-0000-a50235e4&tw=3
20260414234704,特上卓,s6u,あさみ丼,ableeee,スーチーホイハン,
20260415000225,特上卓,s6u,あさみ丼,ableeee,スーチーホイハン,
20260415001407,特上卓,s6u,わああああああい,CSU日麻小高手,不会配平,
20260415004927,特上卓,s6u,Bomzhong,桃李言わざれども,綿雪,?log=2026041500gm-0029-0000-3df19ef6&tw=0
20260415011206,特上卓,s6u,Chairman,緑茶。,YZFTZ,
20260415013625,特上卓,s6u,暴力ペンギン,Heihei05,球1234,
20260415020508,特上卓,s6u,MIRA,yoshipin,kuroo,?log=2026041502gm-0029-0000-05b6d96e&tw=1
20260415111138,特上卓,s6u,ROKU,狐千歳,MrIndigo,?log=2026041511gm-0029-0000-4e0324e3&tw=0
20260415114429,特上卓,s6u,阿夫利,Boyan,sxc258,
20260415141418,一般卓,パシフィック,プロゴルファー8,NoName,モリヒロナラ,?log=2026041514gm-0001-0000-1e32b1df&tw=0
20260415153655,上級卓,パシフィック,サチール,NoName,diid,?log=2026041515gm-0009-0000-1a86cb6b&tw=2
20260415204008,特上卓,s6u,Kanayama,こうちゃんnn,DrKanoto,
20260415211029,特上卓,s6u,時を駆ける爺,soer,Coffee,?log=2026041521gm-0029-0000-34cef868&tw=1
20260415213120,特上卓,s6u,markino!,ぴかーる,s7055,?log=2026041521gm-0029-0000-e5bff065&tw=3
20260415220759,特上卓,s6u,ハルカナイチゴ,140cut,モメンタム,
20260415224157,特上卓,s6u,olsn,Drうっちー,イチボ,?log=2026041522gm-0029-0000-9d9cdef7&tw=1
20260415225051,特上卓,s6u,175S1,フジヤンFT,福瑞,?log=2026041522gm-0029-0000-9af1edcd&tw=3
20260415231818,特上卓,s6u,1Mercury,ぼくはガリレオ,waffle07,
20260415234635,特上卓,s6u,D5471,変態紳士＠,ピータン01,?log=2026041523gm-0029-0000-9a6c4982&tw=3
20260416000045,特上卓,s6u,D5471,変態紳士＠,ピータン01,
20260416001431,特上卓,s6u,茶髪,穴澤妙哉,オール鳩ヶ谷,
20260416003528,特上卓,s6u,Alessia,ペンタ,kokounos,?log=2026041600gm-0029-0000-0b5156a4&tw=2
20260416005046,特上卓,s6u,梅さん129,ふぁび2,正氣十足,?log=2026041600gm-0029-0000-0e67a11a&tw=1
20260416011330,,s6u,oliver,欧陽,純粋居飛車党,
20260416015257,特上卓,s6u,たこるん,おうもう,しんせんじにく,?log=2026041601gm-0029-0000-68215565&tw=3
20260416022037,特上卓,s6u,いいけん,lsajie,tampopo3,?log=2026041602gm-0029-0000-e32901bc&tw=0
20260417020135,上級卓,パシフィック,緑の猿人,ぱむぱむ,NoName,?log=2026041702gm-0009-0000-83e11d2d&tw=2
20260417021553,特上卓,s6u,洪湖,むらしゅー,alice7,
20260417024038,,s6u,Kanako_,alice7,やんわり,
20260417030358,特上卓,s6u,Kanako_,怯怯,FridaW89,?log=2026041703gm-0029-0000-2eabf9e8&tw=3
20260417123543,特上卓,s6u,mlicca,怪我の功名,かず坊,?log=2026041712gm-0029-0000-c6ed2c51&tw=0
20260417145800,特上卓,s6u,掉段皮人,teriri,かなかなカナ？,
20260417152341,特上卓,s6u,k2xx,alpha@de,ペンタ,
20260418002400,特上卓,s6u,'Chalo',天江衣@門前打点,厚岸,
20260418010936,特上卓,s6u,ponponsn,鳳凰双花紅棍,かネ,
20260418013710,特上卓,s6u,sjnmp001,今、急所が埋まる,ざきゆう,
