discard_id,kyoku_id,hanchan_id,go_type,go_type_hex,room_class_code,room_class_label,kyoku_info,player_rel_seat,player_name,discard_tile_136,discard_tile_37_text,tsumogiri_flag,discard_epoch_s,thinking_time_ms,thinking_time_before_reach_ms,lagged,lag_delay_ms,seat0_hand_tiles_136_json,seat1_hand_tiles_136_json,seat2_hand_tiles_136_json,seat3_hand_tiles_136_json,seat0_hand_tiles_37_text,seat1_hand_tiles_37_text,seat2_hand_tiles_37_text,seat3_hand_tiles_37_text,shanten_after_discard,shanten_normal_after_discard,shanten_chiitoitsu_after_discard,wait_tiles_after_discard_mspz,ryanmen_fixed_flag,pystyle_top1_tile_37_text,pystyle_top1_expected_value_text,pystyle_top2_tile_37_text,pystyle_top2_expected_value_text,pystyle_top3_tile_37_text,pystyle_top3_expected_value_text
20260410105309_0000_000,20260410105309_0000,20260410105309,9,0009,joukyuu,上級卓,0000,0,パシフィック,117,3z,tsumogiri,1775785997,,,0,,"[110,101,25,8,93,4,31,51,44,20,36,132,13,117]",,,,234678m 134p 68s 137z,,,,2,2,6,,0,7z,2450pt,1z,2438pt,3z,2431pt
20260410105309_0000_001,20260410105309_0000,20260410105309,9,0009,joukyuu,上級卓,0000,1,かずきかずき,116,3z,risekichu_hokan_tsumogiri,1775785999,2419.931,,0,,"[110,101,25,8,93,4,31,51,44,20,36,132,13]",,,,234678m 134p 68s 17z,,,,,,,,,,,,,,
20260410105309_0000_002,20260410105309_0000,20260410105309,9,0009,joukyuu,上級卓,0000,2,マタギ,39,1p,tedashi,1775786002,3313.75,,0,,"[110,101,25,8,93,4,31,51,44,20,36,132,13]",,,,234678m 134p 68s 17z,,,,,,,,,,,,,,
20260410105309_0000_003,20260410105309_0000,20260410105309,9,0009,joukyuu,上級卓,0000,3,セイジ,38,1p,tedashi,1775786005,2908.71,,0,,"[110,101,25,8,93,4,31,51,44,20,36,132,13]",,,,234678m 134p 68s 17z,,,,,,,,,,,,,,
20260410105309_0000_004,20260410105309_0000,20260410105309,9,0009,joukyuu,上級卓,0000,0,パシフィック,110,1z,tedashi,1775786009,3426.389,,0,,"[110,101,25,8,93,4,31,51,44,20,36,132,13,80]",,,,234678m 134p 368s 17z,,,,2,2,6,,0,7z,2919pt,1p,2916pt,1z,2913pt
20260410105309_0000_005,20260410105309_0000,20260410105309,9,0009,joukyuu,上級卓,0000,1,かずきかずき,118,3z,risekichu_hokan_tsumogiri,1775786011,2085.258,,0,,"[101,25,8,93,4,31,51,44,20,36,132,13,80]",,,,234678m 134p 368s 7z,,,,,,,,,,,,,,
20260410105309_0000_006,20260410105309_0000,20260410105309,9,0009,joukyuu,上級卓,0000,2,マタギ,133,7z,tedashi,1775786014,2950.197,,0,,"[101,25,8,93,4,31,51,44,20,36,132,13,80]",,,,234678m 134p 368s 7z,,,,,,,,,,,,,,
20260410105309_0000_007,20260410105309_0000,20260410105309,9,0009,joukyuu,上級卓,0000,3,セイジ,34,9m,tedashi,1775786016,2333.218,,2,1635.212,"[101,25,8,93,4,31,51,44,20,36,132,13,80]",,,,234678m 134p 368s 7z,,,,,,,,,,,,,,
20260410105309_0000_008,20260410105309_0000,20260410105309,9,0009,joukyuu,上級卓,0000,0,パシフィック,36,1p,tedashi,1775786022,4025.16,,1,1161.773,"[101,8,93,4,51,44,20,36,132,13,80]",,,,2346m 134p 368s 7z,,,,2,2,,,0,,,,,,
20260410105309_0000_009,20260410105309_0000,20260410105309,9,0009,joukyuu,上級卓,0000,1,かずきかずき,123,4z,tedashi,1775786024,885.961,,0,,"[101,8,93,4,51,44,20,132,13,80]",,,,2346m 34p 368s 7z,,,,,,,,,,,,,,
20260410105309_0000_010,20260410105309_0000,20260410105309,9,0009,joukyuu,上級卓,0000,2,マタギ,130,6z,tedashi,1775786027,2839.179,,0,,"[101,8,93,4,51,44,20,132,13,80]",,,,2346m 34p 368s 7z,,,,,,,,,,,,,,
20260410105309_0000_011,20260410105309_0000,20260410105309,9,0009,joukyuu,上級卓,0000,3,セイジ,112,2z,risekichu_hokan_tsumogiri,1775786033,6837.712,,0,,"[101,8,93,4,51,44,20,132,13,80]",,,,2346m 34p 368s 7z,,,,,,,,,,,,,,
20260410105309_0000_012,20260410105309_0000,20260410105309,9,0009,joukyuu,上級卓,0000,0,パシフィック,132,7z,tedashi,1775786040,6449.009,,1,2058.943,"[101,8,93,4,51,44,20,132,13,80,0]",,,,12346m 34p 368s 7z,,,,2,2,,,0,,,,,,
20260410105309_0000_013,20260410105309_0000,20260410105309,9,0009,joukyuu,上級卓,0000,1,かずきかずき,129,6z,tedashi,1775786042,688.758,,0,,"[101,8,93,4,51,44,20,13,80,0]",,,,12346m 34p 368s,,,,,,,,,,,,,,
20260410105309_0000_014,20260410105309_0000,20260410105309,9,0009,joukyuu,上級卓,0000,2,マタギ,125,5z,tedashi,1775786044,2324.4,,0,,"[101,8,93,4,51,44,20,13,80,0]",,,,12346m 34p 368s,,,,,,,,,,,,,,
20260410105309_0000_015,20260410105309_0000,20260410105309,9,0009,joukyuu,上級卓,0000,3,セイジ,114,2z,tedashi,1775786046,1808.03,,0,,"[101,8,93,4,51,44,20,13,80,0]",,,,12346m 34p 368s,,,,,,,,,,,,,,
20260410105309_0000_016,20260410105309_0000,20260410105309,9,0009,joukyuu,上級卓,0000,0,パシフィック,80,3s,tedashi,1775786052,6239.02,,0,,"[101,8,93,4,51,44,20,13,80,0,3]",,,,112346m 34p 368s,,,,1,1,,,0,,,,,,
20260410105309_0000_017,20260410105309_0000,20260410105309,9,0009,joukyuu,上級卓,0000,1,かずきかずき,106,9s,tedashi,1775786054,1678.657,,0,,"[101,8,93,4,51,44,20,13,0,3]",,,,112346m 34p 68s,,,,,,,,,,,,,,
20260410105309_0000_018,20260410105309_0000,20260410105309,9,0009,joukyuu,上級卓,0000,2,マタギ,65,8p,tedashi,1775786058,3644.486,,6,269.916,"[101,8,93,4,51,44,20,13,0,3]",,,,112346m 34p 68s,,,,,,,,,,,,,,
20260410105309_0000_019,20260410105309_0000,20260410105309,9,0009,joukyuu,上級卓,0000,3,セイジ,128,6z,tedashi,1775786060,2319.857,,0,,"[101,8,93,4,51,44,20,13,0,3]",,,,112346m 34p 68s,,,,,,,,,,,,,,
20260410105309_0000_020,20260410105309_0000,20260410105309,9,0009,joukyuu,上級卓,0000,0,パシフィック,64,8p,tsumogiri,1775786064,3507.071,,2,1422.507,"[101,8,93,4,51,44,20,13,0,3,64]",,,,112346m 348p 68s,,,,1,1,,,0,,,,,,
20260410105309_0000_021,20260410105309_0000,20260410105309,9,0009,joukyuu,上級卓,0000,1,かずきかずき,73,1s,tedashi,1775786067,1398.699,,1,1693.554,"[101,8,93,4,51,44,20,13,0,3]",,,,112346m 34p 68s,,,,,,,,,,,,,,
20260410105309_0000_022,20260410105309_0000,20260410105309,9,0009,joukyuu,上級卓,0000,2,マタギ,1,1m,risekichu_hokan_tsumogiri,1775786070,2207.693,,1,16216.011,"[101,8,93,4,51,44,20,13,0,3]",,,,112346m 34p 68s,,,,,,,,,,,,,,
20260410105309_0000_023,20260410105309_0000,20260410105309,9,0009,joukyuu,上級卓,0000,3,セイジ,108,1z,tedashi,1775786091,4000.654,,0,,"[101,8,93,4,51,44,20,13,0,3]",,,,112346m 34p 68s,,,,,,,,,,,,,,
20260410105309_0000_024,20260410105309_0000,20260410105309,9,0009,joukyuu,上級卓,0000,0,パシフィック,119,3z,tsumogiri,1775786097,6696.073,,0,,"[101,8,93,4,51,44,20,13,0,3,119]",,,,112346m 34p 68s 3z,,,,1,1,,,0,,,,,,
20260410105309_0000_025,20260410105309_0000,20260410105309,9,0009,joukyuu,上級卓,0000,1,かずきかずき,30,8m,risekichu_hokan_tsumogiri,1775786100,2504.977,,1,1846.753,"[101,8,93,4,51,44,20,13,0,3]",,,,112346m 34p 68s,,,,,,,,,,,,,,
20260410105309_0000_026,20260410105309_0000,20260410105309,9,0009,joukyuu,上級卓,0000,2,マタギ,12,4m,tedashi,1775786104,2549.136,,0,,"[101,8,93,4,51,44,20,13,0,3]",,,,112346m 34p 68s,,,,,,,,,,,,,,
20260410105309_0000_027,20260410105309_0000,20260410105309,9,0009,joukyuu,上級卓,0000,3,セイジ,41,2p,risekichu_hokan_tsumogiri,1775786109,4468.154,,6,214.028,"[101,8,93,4,51,44,20,13,0,3]",,,,112346m 34p 68s,,,,,,,,,,,,,,
20260410105309_0000_028,20260410105309_0000,20260410105309,9,0009,joukyuu,上級卓,0000,0,パシフィック,69,9p,tsumogiri,1775786109,491.959,,0,,"[101,8,93,4,51,44,20,13,0,3,69]",,,,112346m 349p 68s,,,,1,1,,,0,,,,,,
20260410105309_0000_029,20260410105309_0000,20260410105309,9,0009,joukyuu,上級卓,0000,1,かずきかずき,37,1p,tedashi,1775786112,2489.687,,0,,"[101,8,93,4,51,44,20,13,0,3]",,,,112346m 34p 68s,,,,,,,,,,,,,,
20260410105309_0000_030,20260410105309_0000,20260410105309,9,0009,joukyuu,上級卓,0000,2,マタギ,33,9m,tedashi,1775786118,6369.499,,0,,"[101,8,93,4,51,44,20,13,0,3]",,,,112346m 34p 68s,,,,,,,,,,,,,,
20260410105309_0100_001,20260410105309_0100,20260410105309,9,0009,joukyuu,上級卓,0100,2,マタギ,35,9m,tedashi,1775786178,8494.854,,0,,"[2,19,56,61,65,70,71,88,92,93,111,123,130]",,,,15m 67899p r566s 146z,,,,,,,,,,,,,,
20260410105309_0100_002,20260410105309_0100,20260410105309,9,0009,joukyuu,上級卓,0100,3,セイジ,37,1p,tedashi,1775786180,2022.779,,0,,"[2,19,56,61,65,70,71,88,92,93,111,123,130]",,,,15m 67899p r566s 146z,,,,,,,,,,,,,,
20260410105309_0100_003,20260410105309_0100,20260410105309,9,0009,joukyuu,上級卓,0100,0,パシフィック,45,3p,tsumogiri,1775786181,685.061,,0,,"[2,19,56,61,65,70,71,88,92,93,111,123,130,45]",,,,15m 367899p r566s 146z,,,,4,4,4,,0,,,,,,
20260410105309_0100_004,20260410105309_0100,20260410105309,9,0009,joukyuu,上級卓,0100,1,かずきかずき,28,8m,tedashi,1775786183,2517.261,,0,,"[2,19,56,61,65,70,71,88,92,93,111,123,130]",,,,15m 67899p r566s 146z,,,,,,,,,,,,,,
20260410105309_0100_005,20260410105309_0100,20260410105309,9,0009,joukyuu,上級卓,0100,2,マタギ,126,5z,tedashi,1775786186,2811.003,,0,,"[2,19,56,61,65,70,71,88,92,93,111,123,130]",,,,15m 67899p r566s 146z,,,,,,,,,,,,,,
20260410105309_0100_006,20260410105309_0100,20260410105309,9,0009,joukyuu,上級卓,0100,3,セイジ,105,9s,tedashi,1775786188,1488.335,,0,,"[2,19,56,61,65,70,71,88,92,93,111,123,130]",,,,15m 67899p r566s 146z,,,,,,,,,,,,,,
20260410105309_0100_007,20260410105309_0100,20260410105309,9,0009,joukyuu,上級卓,0100,0,パシフィック,58,6p,tsumogiri,1775786191,3546.166,,1,1656.582,"[2,19,56,61,65,70,71,88,92,93,111,123,130,58]",,,,15m 667899p r566s 146z,,,,3,4,3,,0,,,,,,
20260410105309_0100_008,20260410105309_0100,20260410105309,9,0009,joukyuu,上級卓,0100,1,かずきかずき,73,1s,risekichu_hokan_tsumogiri,1775786197,3978.352,,1,1565.785,"[2,19,56,61,65,70,71,88,92,93,111,123,130]",,,,15m 67899p r566s 146z,,,,,,,,,,,,,,
20260410105309_0100_009,20260410105309_0100,20260410105309,9,0009,joukyuu,上級卓,0100,2,マタギ,62,7p,tedashi,1775786202,3973.767,,0,,"[2,19,56,61,65,70,71,88,92,93,111,123,130]",,,,15m 67899p r566s 146z,,,,,,,,,,,,,,
20260410105309_0100_010,20260410105309_0100,20260410105309,9,0009,joukyuu,上級卓,0100,3,セイジ,121,4z,tedashi,1775786204,1332.618,,0,,"[2,19,56,61,65,70,71,88,92,93,111,123,130]",,,,15m 67899p r566s 146z,,,,,,,,,,,,,,
20260410105309_0100_011,20260410105309_0100,20260410105309,9,0009,joukyuu,上級卓,0100,0,パシフィック,122,4z,tsumogiri,1775786207,3504.921,,0,,"[2,19,56,61,65,70,71,88,92,93,111,123,130,122]",,,,15m 67899p r566s 1446z,,,,3,3,3,,0,,,,,,
20260410105309_0100_012,20260410105309_0100,20260410105309,9,0009,joukyuu,上級卓,0100,1,かずきかずき,133,7z,risekichu_hokan_tsumogiri,1775786209,1802.545,,0,,"[2,19,56,61,65,70,71,88,92,93,111,123,130]",,,,15m 67899p r566s 146z,,,,,,,,,,,,,,
20260410105309_0100_013,20260410105309_0100,20260410105309,9,0009,joukyuu,上級卓,0100,2,マタギ,48,4p,tedashi,1775786212,3376.222,,0,,"[2,19,56,61,65,70,71,88,92,93,111,123,130]",,,,15m 67899p r566s 146z,,,,,,,,,,,,,,
20260410105309_0100_014,20260410105309_0100,20260410105309,9,0009,joukyuu,上級卓,0100,3,セイジ,132,7z,tedashi,1775786218,5515.719,,0,,"[2,19,56,61,65,70,71,88,92,93,111,123,130]",,,,15m 67899p r566s 146z,,,,,,,,,,,,,,
20260410105309_0100_015,20260410105309_0100,20260410105309,9,0009,joukyuu,上級卓,0100,0,パシフィック,112,2z,tsumogiri,1775786220,2284.835,,0,,"[2,19,56,61,65,70,71,88,92,93,111,123,130,112]",,,,15m 67899p r566s 1246z,,,,4,4,4,,0,,,,,,
20260410105309_0100_016,20260410105309_0100,20260410105309,9,0009,joukyuu,上級卓,0100,1,かずきかずき,3,1m,risekichu_hokan_tsumogiri,1775786223,2303.36,,0,,"[2,19,56,61,65,70,71,88,92,93,111,123,130]",,,,15m 67899p r566s 146z,,,,,,,,,,,,,,
20260410105309_0100_017,20260410105309_0100,20260410105309,9,0009,joukyuu,上級卓,0100,2,マタギ,26,7m,risekichu_hokan_tsumogiri,1775786225,2743.867,,6,277.945,"[2,19,56,61,65,70,71,88,92,93,111,123,130]",,,,15m 67899p r566s 146z,,,,,,,,,,,,,,
20260410105309_0100_018,20260410105309_0100,20260410105309,9,0009,joukyuu,上級卓,0100,3,セイジ,128,6z,tedashi,1775786227,1544.996,,0,,"[2,19,56,61,65,70,71,88,92,93,111,123,130]",,,,15m 67899p r566s 146z,,,,,,,,,,,,,,
20260410105309_0100_019,20260410105309_0100,20260410105309,9,0009,joukyuu,上級卓,0100,0,パシフィック,90,5s,tsumogiri,1775786230,3379.553,,0,,"[2,19,56,61,65,70,71,88,92,93,111,123,130,90]",,,,15m 67899p r5566s 146z,,,,3,3,3,,0,,,,,,
20260410105309_0100_020,20260410105309_0100,20260410105309,9,0009,joukyuu,上級卓,0100,1,かずきかずき,110,1z,tedashi,1775786233,2854.73,,0,,"[2,19,56,61,65,70,71,88,92,93,111,123,130]",,,,15m 67899p r566s 146z,,,,,,,,,,,,,,
20260410105309_0100_021,20260410105309_0100,20260410105309,9,0009,joukyuu,上級卓,0100,2,マタギ,115,2z,tedashi,1775786241,7543.793,,0,,"[2,19,56,61,65,70,71,88,92,93,111,123,130]",,,,15m 67899p r566s 146z,,,,,,,,,,,,,,
20260410105309_0100_022,20260410105309_0100,20260410105309,9,0009,joukyuu,上級卓,0100,3,セイジ,106,9s,risekichu_hokan_tsumogiri,1775786244,2817.761,,0,,"[2,19,56,61,65,70,71,88,92,93,111,123,130]",,,,15m 67899p r566s 146z,,,,,,,,,,,,,,
20260410105309_0100_023,20260410105309_0100,20260410105309,9,0009,joukyuu,上級卓,0100,0,パシフィック,55,5p,tsumogiri,1775786246,2042.424,,1,1756.068,"[2,19,56,61,65,70,71,88,92,93,111,123,130,55]",,,,15m 567899p r566s 146z,,,,4,4,4,,0,,,,,,
20260410105309_0100_024,20260410105309_0100,20260410105309,9,0009,joukyuu,上級卓,0100,1,かずきかずき,98,7s,tedashi,1775786249,1380.924,,0,,"[2,19,56,61,65,70,71,88,92,93,111,123,130]",,,,15m 67899p r566s 146z,,,,,,,,,,,,,,
20260410105309_0100_025,20260410105309_0100,20260410105309,9,0009,joukyuu,上級卓,0100,2,マタギ,5,2m,tedashi,1775786252,3632.642,,0,,"[2,19,56,61,65,70,71,88,92,93,111,123,130]",,,,15m 67899p r566s 146z,,,,,,,,,,,,,,
20260410105309_0100_026,20260410105309_0100,20260410105309,9,0009,joukyuu,上級卓,0100,3,セイジ,124,5z,tedashi,1775786258,5262.238,,1,2459.469,"[2,19,56,61,65,70,71,88,92,93,111,123,130]",,,,15m 67899p r566s 146z,,,,,,,,,,,,,,
20260410105309_0100_027,20260410105309_0100,20260410105309,9,0009,joukyuu,上級卓,0100,0,パシフィック,7,2m,tsumogiri,1775786261,505.36,,1,1719.0,"[2,19,56,61,65,70,71,88,92,93,111,123,130,7]",,,,125m 67899p r566s 146z,,,,3,3,4,,0,,,,,,
20260410105309_0100_028,20260410105309_0100,20260410105309,9,0009,joukyuu,上級卓,0100,1,かずきかずき,38,1p,tedashi,1775786265,2100.825,,0,,"[2,19,56,61,65,70,71,88,92,93,111,123,130]",,,,15m 67899p r566s 146z,,,,,,,,,,,,,,
20260410105309_0100_029,20260410105309_0100,20260410105309,9,0009,joukyuu,上級卓,0100,2,マタギ,27,7m,risekichu_hokan_tsumogiri,1775786267,2427.061,,6,336.566,"[2,19,56,61,65,70,71,88,92,93,111,123,130]",,,,15m 67899p r566s 146z,,,,,,,,,,,,,,
20260410105309_0100_034,20260410105309_0100,20260410105309,9,0009,joukyuu,上級卓,0100,3,セイジ,74,1s,tedashi,1775786297,1837.704,,0,,"[2,19,56,61,65,70,71,88,92,93,111,123,130]",,,,15m 67899p r566s 146z,,,,,,,,,,,,,,
20260410105309_0100_035,20260410105309_0100,20260410105309,9,0009,joukyuu,上級卓,0100,0,パシフィック,123,4z,tedashi,1775786299,2442.191,,0,,"[2,19,56,61,65,70,71,88,92,93,111,123,130,42]",,,,15m 267899p r566s 146z,,,,4,4,4,,0,,,,,,
20260410105309_0100_036,20260410105309_0100,20260410105309,9,0009,joukyuu,上級卓,0100,1,かずきかずき,0,1m,risekichu_hokan_tsumogiri,1775786300,758.33,,0,,"[2,19,56,61,65,70,71,88,92,93,111,130,42]",,,,15m 267899p r566s 16z,,,,,,,,,,,,,,
20260410105309_0100_037,20260410105309_0100,20260410105309,9,0009,joukyuu,上級卓,0100,2,マタギ,60,7p,risekichu_hokan_tsumogiri,1775786309,8801.499,,0,,"[2,19,56,61,65,70,71,88,92,93,111,130,42]",,,,15m 267899p r566s 16z,,,,,,,,,,,,,,
20260410105309_0100_038,20260410105309_0100,20260410105309,9,0009,joukyuu,上級卓,0100,3,セイジ,13,4m,tedashi,1775786312,2999.391,,0,,"[2,19,56,61,65,70,71,88,92,93,111,130,42]",,,,15m 267899p r566s 16z,,,,,,,,,,,,,,
20260410105309_0100_039,20260410105309_0100,20260410105309,9,0009,joukyuu,上級卓,0100,0,パシフィック,9,3m,tsumogiri,1775786312,686.308,,0,,"[2,19,56,61,65,70,71,88,92,93,111,130,42,9]",,,,135m 267899p r566s 16z,,,,3,3,4,,0,,,,,,
20260410105309_0100_040,20260410105309_0100,20260410105309,9,0009,joukyuu,上級卓,0100,1,かずきかずき,6,2m,risekichu_hokan_tsumogiri,1775786313,1259.862,,0,,"[2,19,56,61,65,70,71,88,92,93,111,130,42]",,,,15m 267899p r566s 16z,,,,,,,,,,,,,,
20260410105309_0100_041,20260410105309_0100,20260410105309,9,0009,joukyuu,上級卓,0100,2,マタギ,32,9m,risekichu_hokan_tsumogiri,1775786317,3745.119,,6,311.768,"[2,19,56,61,65,70,71,88,92,93,111,130,42]",,,,15m 267899p r566s 16z,,,,,,,,,,,,,,
20260410105309_0100_042,20260410105309_0100,20260410105309,9,0009,joukyuu,上級卓,0100,3,セイジ,14,4m,tedashi,1775786319,1544.891,,0,,"[2,19,56,61,65,70,71,88,92,93,111,130,42]",,,,15m 267899p r566s 16z,,,,,,,,,,,,,,
20260410105309_0100_043,20260410105309_0100,20260410105309,9,0009,joukyuu,上級卓,0100,0,パシフィック,131,6z,tsumogiri,1775786320,682.143,,0,,"[2,19,56,61,65,70,71,88,92,93,111,130,42,131]",,,,15m 267899p r566s 166z,,,,3,3,3,,0,,,,,,
20260410105309_0100_044,20260410105309_0100,20260410105309,9,0009,joukyuu,上級卓,0100,1,かずきかずき,31,8m,risekichu_hokan_tsumogiri,1775786321,1231.74,,0,,"[2,19,56,61,65,70,71,88,92,93,111,130,42]",,,,15m 267899p r566s 16z,,,,,,,,,,,,,,
20260410105309_0100_045,20260410105309_0100,20260410105309,9,0009,joukyuu,上級卓,0100,2,マタギ,18,5m,tedashi,1775786325,4442.644,,1,1848.625,"[2,19,56,61,65,70,71,88,92,93,111,130,42]",,,,15m 267899p r566s 16z,,,,,,,,,,,,,,
20260410105309_0100_046,20260410105309_0100,20260410105309,9,0009,joukyuu,上級卓,0100,3,セイジ,97,7s,tedashi,1775786338,10580.867,,6,204.761,"[2,19,56,61,65,70,71,88,92,93,111,130,42]",,,,15m 267899p r566s 16z,,,,,,,,,,,,,,
20260410105309_0100_047,20260410105309_0100,20260410105309,9,0009,joukyuu,上級卓,0100,0,パシフィック,25,7m,tsumogiri,1775786339,485.859,,0,,"[2,19,56,61,65,70,71,88,92,93,111,130,42,25]",,,,157m 267899p r566s 16z,,,,3,3,4,,0,,,,,,
20260410105309_0100_048,20260410105309_0100,20260410105309,9,0009,joukyuu,上級卓,0100,1,かずきかずき,127,5z,risekichu_hokan_tsumogiri,1775786340,1236.827,,0,,"[2,19,56,61,65,70,71,88,92,93,111,130,42]",,,,15m 267899p r566s 16z,,,,,,,,,,,,,,
20260410105309_0100_049,20260410105309_0100,20260410105309,9,0009,joukyuu,上級卓,0100,2,マタギ,114,2z,risekichu_hokan_tsumogiri,1775786343,2758.69,,0,,"[2,19,56,61,65,70,71,88,92,93,111,130,42]",,,,15m 267899p r566s 16z,,,,,,,,,,,,,,
20260410105309_0100_050,20260410105309_0100,20260410105309,9,0009,joukyuu,上級卓,0100,3,セイジ,29,8m,tedashi,1775786345,2074.796,,0,,"[2,19,56,61,65,70,71,88,92,93,111,130,42]",,,,15m 267899p r566s 16z,,,,,,,,,,,,,,
20260410105309_0100_051,20260410105309_0100,20260410105309,9,0009,joukyuu,上級卓,0100,0,パシフィック,99,7s,tsumogiri,1775786345,701.606,,0,,"[2,19,56,61,65,70,71,88,92,93,111,130,42,99]",,,,15m 267899p r5667s 16z,,,,3,3,4,,0,,,,,,
20260410105309_0100_052,20260410105309_0100,20260410105309,9,0009,joukyuu,上級卓,0100,1,かずきかずき,104,9s,risekichu_hokan_tsumogiri,1775786347,1291.28,,0,,"[2,19,56,61,65,70,71,88,92,93,111,130,42]",,,,15m 267899p r566s 16z,,,,,,,,,,,,,,
20260410105309_0100_053,20260410105309_0100,20260410105309,9,0009,joukyuu,上級卓,0100,2,マタギ,1,1m,risekichu_hokan_tsumogiri,1775786349,2803.533,,0,,"[2,19,56,61,65,70,71,88,92,93,111,130,42]",,,,15m 267899p r566s 16z,,,,,,,,,,,,,,
20260410105309_0100_054,20260410105309_0100,20260410105309,9,0009,joukyuu,上級卓,0100,3,セイジ,39,1p,risekichu_hokan_tsumogiri,1775786353,3507.762,,0,,"[2,19,56,61,65,70,71,88,92,93,111,130,42]",,,,15m 267899p r566s 16z,,,,,,,,,,,,,,
20260410105309_0100_055,20260410105309_0100,20260410105309,9,0009,joukyuu,上級卓,0100,0,パシフィック,44,3p,tsumogiri,1775786354,679.676,,0,,"[2,19,56,61,65,70,71,88,92,93,111,130,42,44]",,,,15m 2367899p r566s 16z,,,,3,3,4,,0,,,,,,
20260410105309_0101_000,20260410105309_0101,20260410105309,9,0009,joukyuu,上級卓,0101,1,かずきかずき,126,5z,tedashi,1775786372,,,0,,"[81,107,72,41,85,104,7,30,135,132,31,40,109]",,,,288m 22p 13499s 177z,,,,,,,,,,,,,,
20260410105309_0101_001,20260410105309_0101,20260410105309,9,0009,joukyuu,上級卓,0101,2,マタギ,75,1s,tedashi,1775786375,3554.945,,0,,"[81,107,72,41,85,104,7,30,135,132,31,40,109]",,,,288m 22p 13499s 177z,,,,,,,,,,,,,,
20260410105309_0101_002,20260410105309_0101,20260410105309,9,0009,joukyuu,上級卓,0101,3,セイジ,128,6z,tedashi,1775786379,3498.535,,0,,"[81,107,72,41,85,104,7,30,135,132,31,40,109]",,,,288m 22p 13499s 177z,,,,,,,,,,,,,,
20260410105309_0101_003,20260410105309_0101,20260410105309,9,0009,joukyuu,上級卓,0101,0,パシフィック,110,1z,tsumogiri,1775786396,16696.014,,0,,"[81,107,72,41,85,104,7,30,135,132,31,40,109,110]",,,,288m 22p 13499s 1177z,,,,1,3,1,,0,,,,,,
20260410105309_0101_004,20260410105309_0101,20260410105309,9,0009,joukyuu,上級卓,0101,1,かずきかずき,33,9m,risekichu_hokan_tsumogiri,1775786398,2407.973,,1,1946.173,"[81,107,72,41,85,104,7,30,135,132,31,40,109]",,,,288m 22p 13499s 177z,,,,,,,,,,,,,,
20260410105309_0101_005,20260410105309_0101,20260410105309,9,0009,joukyuu,上級卓,0101,2,マタギ,71,9p,tedashi,1775786402,2254.079,,6,307.144,"[81,107,72,41,85,104,7,30,135,132,31,40,109]",,,,288m 22p 13499s 177z,,,,,,,,,,,,,,
20260410105309_0101_006,20260410105309_0101,20260410105309,9,0009,joukyuu,上級卓,0101,3,セイジ,42,2p,tedashi,1775786404,1817.543,,6,200.269,"[81,107,72,41,85,104,7,30,135,132,31,40,109]",,,,288m 22p 13499s 177z,,,,,,,,,,,,,,
20260410105309_0101_007,20260410105309_0101,20260410105309,9,0009,joukyuu,上級卓,0101,0,パシフィック,4,2m,tsumogiri,1775786405,485.164,,1,1691.795,"[81,107,72,41,85,104,7,30,135,132,31,40,109,4]",,,,2288m 22p 13499s 177z,,,,1,3,1,,0,,,,,,
20260410105309_0101_008,20260410105309_0101,20260410105309,9,0009,joukyuu,上級卓,0101,1,かずきかずき,134,7z,tedashi,1775786408,1173.375,,6,200.432,"[81,107,72,41,85,104,7,30,135,132,31,40,109]",,,,288m 22p 13499s 177z,,,,,,,,,,,,,,
20260410105309_0101_009,20260410105309_0101,20260410105309,9,0009,joukyuu,上級卓,0101,2,マタギ,131,6z,risekichu_hokan_tsumogiri,1775786410,2130.984,,0,,"[81,107,72,41,85,104,7,30,135,132,31,40,109]",,,,288m 22p 13499s 177z,,,,,,,,,,,,,,
20260410105309_0101_010,20260410105309_0101,20260410105309,9,0009,joukyuu,上級卓,0101,3,セイジ,73,1s,tedashi,1775786414,4058.536,,0,,"[81,107,72,41,85,104,7,30,135,132,31,40,109]",,,,288m 22p 13499s 177z,,,,,,,,,,,,,,
20260410105309_0101_011,20260410105309_0101,20260410105309,9,0009,joukyuu,上級卓,0101,0,パシフィック,116,3z,tsumogiri,1775786415,688.354,,1,3102.844,"[81,107,72,41,85,104,7,30,135,132,31,40,109,116]",,,,288m 22p 13499s 1377z,,,,2,3,2,,0,,,,,,
20260410105309_0101_012,20260410105309_0101,20260410105309,9,0009,joukyuu,上級卓,0101,1,かずきかずき,103,8s,tedashi,1775786420,2103.619,,0,,"[81,107,72,41,85,104,7,30,135,132,31,40,109]",,,,288m 22p 13499s 177z,,,,,,,,,,,,,,
20260410105309_0101_013,20260410105309_0101,20260410105309,9,0009,joukyuu,上級卓,0101,2,マタギ,55,5p,tedashi,1775786424,4026.464,,6,387.054,"[81,107,72,41,85,104,7,30,135,132,31,40,109]",,,,288m 22p 13499s 177z,,,,,,,,,,,,,,
20260410105309_0101_014,20260410105309_0101,20260410105309,9,0009,joukyuu,上級卓,0101,3,セイジ,119,3z,risekichu_hokan_tsumogiri,1775786432,7596.267,,1,2672.133,"[81,107,72,41,85,104,7,30,135,132,31,40,109]",,,,288m 22p 13499s 177z,,,,,,,,,,,,,,
20260410105309_0101_015,20260410105309_0101,20260410105309,9,0009,joukyuu,上級卓,0101,0,パシフィック,122,4z,tsumogiri,1775786435,208.13,,0,,"[81,107,72,41,85,104,7,30,135,132,31,40,109,122]",,,,288m 22p 13499s 1477z,,,,2,3,2,,0,,,,,,
20260410105309_0101_016,20260410105309_0101,20260410105309,9,0009,joukyuu,上級卓,0101,1,かずきかずき,46,3p,risekichu_hokan_tsumogiri,1775786439,4213.608,,0,,"[81,107,72,41,85,104,7,30,135,132,31,40,109]",,,,288m 22p 13499s 177z,,,,,,,,,,,,,,
20260410105309_0101_017,20260410105309_0101,20260410105309,9,0009,joukyuu,上級卓,0101,2,マタギ,130,6z,risekichu_hokan_tsumogiri,1775786442,3118.283,,0,,"[81,107,72,41,85,104,7,30,135,132,31,40,109]",,,,288m 22p 13499s 177z,,,,,,,,,,,,,,
20260410105309_0101_018,20260410105309_0101,20260410105309,9,0009,joukyuu,上級卓,0101,3,セイジ,78,2s,tedashi,1775786446,3331.98,,1,1386.9,"[81,107,72,41,85,104,7,30,135,132,31,40,109]",,,,288m 22p 13499s 177z,,,,,,,,,,,,,,
20260410105309_0101_019,20260410105309_0101,20260410105309,9,0009,joukyuu,上級卓,0101,0,パシフィック,115,2z,tsumogiri,1775786447,202.028,,1,3254.559,"[81,107,72,41,85,104,7,30,135,132,31,40,109,115]",,,,288m 22p 13499s 1277z,,,,2,3,2,,0,,,,,,
20260410105309_0101_020,20260410105309_0101,20260410105309,9,0009,joukyuu,上級卓,0101,2,マタギ,118,3z,tedashi,1775786451,1368.809,,0,,"[81,107,72,41,85,104,7,30,135,132,31,40,109]",,,,288m 22p 13499s 177z,,,,,,,,,,,,,,
20260410105309_0101_021,20260410105309_0101,20260410105309,9,0009,joukyuu,上級卓,0101,3,セイジ,28,8m,tedashi,1775786454,3051.326,,6,201.218,"[81,107,72,41,85,104,7,30,135,132,31,40,109]",,,,288m 22p 13499s 177z,,,,,,,,,,,,,,
20260410105309_0101_022,20260410105309_0101,20260410105309,9,0009,joukyuu,上級卓,0101,0,パシフィック,52,r5p,tsumogiri,1775786454,485.704,,1,2345.144,"[81,107,72,41,85,104,7,30,135,132,31,40,109,52]",,,,288m 22r5p 13499s 177z,,,,2,3,2,,0,,,,,,
20260410105309_0101_023,20260410105309_0101,20260410105309,9,0009,joukyuu,上級卓,0101,1,かずきかずき,18,5m,tedashi,1775786462,5842.905,,2,2691.144,"[81,107,72,41,85,104,7,30,135,132,31,40,109]",,,,288m 22p 13499s 177z,,,,,,,,,,,,,,
20260410105309_0101_024,20260410105309_0101,20260410105309,9,0009,joukyuu,上級卓,0101,2,マタギ,117,3z,tedashi,1775786466,962.564,,0,,"[81,107,72,41,85,104,7,30,135,132,31,40,109]",,,,288m 22p 13499s 177z,,,,,,,,,,,,,,
20260410105309_0101_025,20260410105309_0101,20260410105309,9,0009,joukyuu,上級卓,0101,3,セイジ,74,1s,risekichu_hokan_tsumogiri,1775786468,1905.786,,0,,"[81,107,72,41,85,104,7,30,135,132,31,40,109]",,,,288m 22p 13499s 177z,,,,,,,,,,,,,,
20260410105309_0101_026,20260410105309_0101,20260410105309,9,0009,joukyuu,上級卓,0101,0,パシフィック,12,4m,tsumogiri,1775786469,689.393,,1,1978.109,"[81,107,72,41,85,104,7,30,135,132,31,40,109,12]",,,,2488m 22p 13499s 177z,,,,2,3,2,,0,,,,,,
20260410105309_0101_027,20260410105309_0101,20260410105309,9,0009,joukyuu,上級卓,0101,1,かずきかずき,44,3p,tedashi,1775786472,1470.796,,0,,"[81,107,72,41,85,104,7,30,135,132,31,40,109]",,,,288m 22p 13499s 177z,,,,,,,,,,,,,,
20260410105309_0101_028,20260410105309_0101,20260410105309,9,0009,joukyuu,上級卓,0101,2,マタギ,53,5p,risekichu_hokan_tsumogiri,1775786474,2272.34,,6,355.206,"[81,107,72,41,85,104,7,30,135,132,31,40,109]",,,,288m 22p 13499s 177z,,,,,,,,,,,,,,
20260410105309_0101_029,20260410105309_0101,20260410105309,9,0009,joukyuu,上級卓,0101,3,セイジ,11,3m,tedashi,1775786487,11897.034,,0,,"[81,107,72,41,85,104,7,30,135,132,31,40,109]",,,,288m 22p 13499s 177z,,,,,,,,,,,,,,
20260410105309_0101_030,20260410105309_0101,20260410105309,9,0009,joukyuu,上級卓,0101,0,パシフィック,21,6m,tsumogiri,1775786487,708.867,,1,2934.938,"[81,107,72,41,85,104,7,30,135,132,31,40,109,21]",,,,2688m 22p 13499s 177z,,,,2,3,2,,0,,,,,,
20260410105309_0101_031,20260410105309_0101,20260410105309,9,0009,joukyuu,上級卓,0101,1,かずきかずき,127,5z,tedashi,1775786492,1287.165,,0,,"[81,107,72,41,85,104,7,30,135,132,31,40,109]",,,,288m 22p 13499s 177z,,,,,,,,,,,,,,
20260410105309_0101_032,20260410105309_0101,20260410105309,9,0009,joukyuu,上級卓,0101,2,マタギ,95,6s,tedashi,1775786495,3387.496,,6,281.416,"[81,107,72,41,85,104,7,30,135,132,31,40,109]",,,,288m 22p 13499s 177z,,,,,,,,,,,,,,
20260410105309_0101_033,20260410105309_0101,20260410105309,9,0009,joukyuu,上級卓,0101,3,セイジ,19,5m,tedashi,1775786498,2788.16,,0,,"[81,107,72,41,85,104,7,30,135,132,31,40,109]",,,,288m 22p 13499s 177z,,,,,,,,,,,,,,
20260410105309_0101_034,20260410105309_0101,20260410105309,9,0009,joukyuu,上級卓,0101,0,パシフィック,39,1p,tsumogiri,1775786499,687.786,,0,,"[81,107,72,41,85,104,7,30,135,132,31,40,109,39]",,,,288m 122p 13499s 177z,,,,2,3,2,,0,,,,,,
20260410105309_0101_035,20260410105309_0101,20260410105309,9,0009,joukyuu,上級卓,0101,1,かずきかずき,27,7m,risekichu_hokan_tsumogiri,1775786501,2661.606,,0,,"[81,107,72,41,85,104,7,30,135,132,31,40,109]",,,,288m 22p 13499s 177z,,,,,,,,,,,,,,
20260410105309_0101_036,20260410105309_0101,20260410105309,9,0009,joukyuu,上級卓,0101,2,マタギ,62,7p,risekichu_hokan_tsumogiri,1775786506,2001.122,,6,301.849,"[81,107,72,41,85,104,7,30,135,132,31,40,109]",,,,288m 22p 13499s 177z,,,,,,,,,,,,,,
20260410105309_0101_037,20260410105309_0101,20260410105309,9,0009,joukyuu,上級卓,0101,3,セイジ,84,4s,tedashi,1775786513,6727.15,,0,,"[81,107,72,41,85,104,7,30,135,132,31,40,109]",,,,288m 22p 13499s 177z,,,,,,,,,,,,,,
20260410105309_0200_001,20260410105309_0200,20260410105309,9,0009,joukyuu,上級卓,0200,3,セイジ,3,1m,tedashi,1775786534,1719.894,,0,,"[6,17,24,32,33,64,65,66,70,80,104,122,124]",,,,25799m 8889p 39s 45z,,,,,,,,,,,,,,
20260410105309_0200_002,20260410105309_0200,20260410105309,9,0009,joukyuu,上級卓,0200,0,パシフィック,39,1p,tsumogiri,1775786551,16694.14,,6,395.86,"[6,17,24,32,33,64,65,66,70,80,104,122,124,39]",,,,25799m 18889p 39s 45z,,,,4,4,4,,0,,,,,,
20260410105309_0200_003,20260410105309_0200,20260410105309,9,0009,joukyuu,上級卓,0200,1,かずきかずき,129,6z,tedashi,1775786552,1140.695,,0,,"[6,17,24,32,33,64,65,66,70,80,104,122,124]",,,,25799m 8889p 39s 45z,,,,,,,,,,,,,,
20260410105309_0200_004,20260410105309_0200,20260410105309,9,0009,joukyuu,上級卓,0200,2,マタギ,10,3m,tedashi,1775786555,2991.406,,0,,"[6,17,24,32,33,64,65,66,70,80,104,122,124]",,,,25799m 8889p 39s 45z,,,,,,,,,,,,,,
20260410105309_0200_005,20260410105309_0200,20260410105309,9,0009,joukyuu,上級卓,0200,3,セイジ,123,4z,tedashi,1775786558,2660.972,,0,,"[6,17,24,32,33,64,65,66,70,80,104,122,124]",,,,25799m 8889p 39s 45z,,,,,,,,,,,,,,
20260410105309_0200_006,20260410105309_0200,20260410105309,9,0009,joukyuu,上級卓,0200,0,パシフィック,84,4s,tsumogiri,1775786565,6697.615,,1,1236.099,"[6,17,24,32,33,64,65,66,70,80,104,122,124,84]",,,,25799m 8889p 349s 45z,,,,3,3,4,,0,,,,,,
20260410105309_0200_007,20260410105309_0200,20260410105309,9,0009,joukyuu,上級卓,0200,1,かずきかずき,111,1z,tedashi,1775786567,1314.244,,0,,"[6,17,24,32,33,64,65,66,70,80,104,122,124]",,,,25799m 8889p 39s 45z,,,,,,,,,,,,,,
20260410105309_0200_008,20260410105309_0200,20260410105309,9,0009,joukyuu,上級卓,0200,2,マタギ,4,2m,tedashi,1775786570,2370.902,,0,,"[6,17,24,32,33,64,65,66,70,80,104,122,124]",,,,25799m 8889p 39s 45z,,,,,,,,,,,,,,
20260410105309_0200_009,20260410105309_0200,20260410105309,9,0009,joukyuu,上級卓,0200,3,セイジ,14,4m,tedashi,1775786572,1798.229,,0,,"[6,17,24,32,33,64,65,66,70,80,104,122,124]",,,,25799m 8889p 39s 45z,,,,,,,,,,,,,,
20260410105309_0200_010,20260410105309_0200,20260410105309,9,0009,joukyuu,上級卓,0200,0,パシフィック,104,9s,tedashi,1775786576,4342.882,,0,,"[6,17,24,32,33,64,65,66,70,80,104,122,124,18]",,,,255799m 8889p 39s 45z,,,,3,4,3,,0,,,,,,
20260410105309_0200_011,20260410105309_0200,20260410105309,9,0009,joukyuu,上級卓,0200,1,かずきかずき,131,6z,risekichu_hokan_tsumogiri,1775786578,1998.002,,1,4730.975,"[6,17,24,32,33,64,65,66,70,80,122,124,18]",,,,255799m 8889p 3s 45z,,,,,,,,,,,,,,
20260410105309_0200_012,20260410105309_0200,20260410105309,9,0009,joukyuu,上級卓,0200,2,マタギ,113,2z,tedashi,1775786583,2321.252,,0,,"[6,17,24,32,33,64,65,66,70,80,122,124,18]",,,,255799m 8889p 3s 45z,,,,,,,,,,,,,,
20260410105309_0200_013,20260410105309_0200,20260410105309,9,0009,joukyuu,上級卓,0200,3,セイジ,13,4m,tedashi,1775786585,2081.22,,0,,"[6,17,24,32,33,64,65,66,70,80,122,124,18]",,,,255799m 8889p 3s 45z,,,,,,,,,,,,,,
20260410105309_0200_014,20260410105309_0200,20260410105309,9,0009,joukyuu,上級卓,0200,0,パシフィック,70,9p,tedashi,1775786587,2056.023,,0,,"[6,17,24,32,33,64,65,66,70,80,122,124,18,56]",,,,255799m 68889p 3s 45z,,,,3,4,3,,0,,,,,,
20260410105309_0200_015,20260410105309_0200,20260410105309,9,0009,joukyuu,上級卓,0200,1,かずきかずき,29,8m,tedashi,1775786589,2204.323,,0,,"[6,17,24,32,33,64,65,66,80,122,124,18,56]",,,,255799m 6888p 3s 45z,,,,,,,,,,,,,,
20260410105309_0200_016,20260410105309_0200,20260410105309,9,0009,joukyuu,上級卓,0200,2,マタギ,57,6p,risekichu_hokan_tsumogiri,1775786592,3265.228,,6,402.223,"[6,17,24,32,33,64,65,66,80,122,124,18,56]",,,,255799m 6888p 3s 45z,,,,,,,,,,,,,,
20260410105309_0200_017,20260410105309_0200,20260410105309,9,0009,joukyuu,上級卓,0200,3,セイジ,35,9m,tedashi,1775786594,1361.671,,1,5369.216,"[6,17,24,32,33,64,65,66,80,122,124,18,56]",,,,255799m 6888p 3s 45z,,,,,,,,,,,,,,
20260410105309_0200_018,20260410105309_0200,20260410105309,9,0009,joukyuu,上級卓,0200,0,パシフィック,56,6p,tedashi,1775786599,4035.41,,0,,"[6,17,24,33,64,65,66,80,122,124,18,56]",,,,25579m 6888p 3s 45z,,,,,,,,,,,,,,
20260410105309_0200_019,20260410105309_0200,20260410105309,9,0009,joukyuu,上級卓,0200,1,かずきかずき,118,3z,tedashi,1775786602,2848.902,,0,,"[6,17,24,33,64,65,66,80,122,124,18]",,,,25579m 888p 3s 45z,,,,,,,,,,,,,,
20260410105309_0200_020,20260410105309_0200,20260410105309,9,0009,joukyuu,上級卓,0200,2,マタギ,78,2s,tedashi,1775786608,5433.253,,0,,"[6,17,24,33,64,65,66,80,122,124,18]",,,,25579m 888p 3s 45z,,,,,,,,,,,,,,
20260410105309_0200_021,20260410105309_0200,20260410105309,9,0009,joukyuu,上級卓,0200,3,セイジ,99,7s,tedashi,1775786611,3504.696,,0,,"[6,17,24,33,64,65,66,80,122,124,18]",,,,25579m 888p 3s 45z,,,,,,,,,,,,,,
20260410105309_0200_022,20260410105309_0200,20260410105309,9,0009,joukyuu,上級卓,0200,0,パシフィック,124,5z,tedashi,1775786614,2581.526,,0,,"[6,17,24,33,64,65,66,80,122,124,18,120]",,,,25579m 888p 3s 445z,,,,,,,,,,,,,,
