hanchan_id,go_type,go_type_hex,room_class_code,room_class_label,seat0_player_name,seat1_player_name,seat2_player_name,seat3_player_name,source_url
20260403143738,1,0001,ippan,一般卓,パシフィック,himeyonn,qinqin7,eita,https://tenhou.net/0/?log=2026040314gm-0001-0000-cc8db774&tw=2
20260403151827,9,0009,joukyuu,上級卓,パシフィック,masa1125,はまはまみこみこ,1963414,https://tenhou.net/0/?log=2026040315gm-0009-0000-0a9956af&tw=3
20260403160620,9,0009,joukyuu,上級卓,パシフィック,キクジ,北北のヨッシーⅡ,マオマオ,https://tenhou.net/0/?log=2026040316gm-0009-0000-f1ee7bb9&tw=2
20260403163215,,,,,パシフィック,エル・シコデリコ,k-mori,913149,
20260403164257,1,0001,ippan,一般卓,パシフィック,百事可楽,Moriotto,michi,https://tenhou.net/0/?log=2026040316gm-0001-0000-148398ac&tw=2
20260403171702,1,0001,ippan,一般卓,パシフィック,Kan73,NoName,爺い,https://tenhou.net/0/?log=2026040317gm-0001-0000-2e0b8dd6&tw=1
20260403183514,1,0001,ippan,一般卓,パシフィック,NoName,ジャン士S,ゆりあああああ,https://tenhou.net/0/?log=2026040318gm-0001-0000-228e50ac&tw=1
20260403194456,9,0009,joukyuu,上級卓,パシフィック,somen99,ぐんまのかぜ,雀雀雀～,https://tenhou.net/0/?log=2026040319gm-0009-0000-d65b07a9&tw=3
20260403195345,1,0001,ippan,一般卓,パシフィック,クニエ,Matchi,NoName,https://tenhou.net/0/?log=2026040319gm-0001-0000-95cd443a&tw=2
20260403201745,9,0009,joukyuu,上級卓,パシフィック,srvjimi,michi3,NoName,https://tenhou.net/0/?log=2026040320gm-0009-0000-87f77246&tw=3
20260403204242,9,0009,joukyuu,上級卓,パシフィック,フレイヤ,たこぢ,蕎麦が好き,https://tenhou.net/0/?log=2026040320gm-0009-0000-06591578&tw=2
20260403205755,9,0009,joukyuu,上級卓,パシフィック,1963414,NoName,二代目パンパン男,https://tenhou.net/0/?log=2026040320gm-0009-0000-fea9a263&tw=0
20260403215003,1,0001,ippan,一般卓,パシフィック,もん太,硬亀頭型ザクⅡ,NoName,https://tenhou.net/0/?log=2026040321gm-0001-0000-2420161a&tw=0
20260403221108,,,,,パシフィック,ラーシャロム,harukun,エスニカン,
20260403230624,9,0009,joukyuu,上級卓,パシフィック,NoName,tera777,ジータス,https://tenhou.net/0/?log=2026040323gm-0009-0000-d91317d9&tw=2
20260404062215,41,0029,tokujou,特上卓,s6u,玄化,遠坂式,gbrnrn,https://tenhou.net/0/?log=2026040406gm-0029-0000-ba126f99&tw=2
2026040407172k,,,,,コカライア,デラコッコ,デバサイ,MERON流,
2026040407175k,,,,,ふか,アフリカ,B.ムルザバエフ,ハニーマドレーヌ,
20260404071858,1,0001,ippan,一般卓,パシフィック,NoName,9sho9,saitosan,https://tenhou.net/0/?log=2026040407gm-0001-0000-a4015490&tw=0
20260406212055,1,0001,ippan,一般卓,パシフィック,NoName,ちょんぼ,チョンボゴメン,https://tenhou.net/0/?log=2026040621gm-0001-0000-7dc2fded&tw=2
20260406213531,,,,,パシフィック,COM,COM,COM,
20260408214925,41,0029,tokujou,特上卓,s6u,くいい,愛爾維西亞,Sentoven,https://tenhou.net/0/?log=2026040821gm-0029-0000-8d3e95b7&tw=3
20260408222356,41,0029,tokujou,特上卓,s6u,Youne,ヴームリン,はぐれメタボ,https://tenhou.net/0/?log=2026040822gm-0029-0000-8c6d470f&tw=2
20260408230458,41,0029,tokujou,特上卓,s6u,前髪おいしい,愛人28号,遠藤幸寛,https://tenhou.net/0/?log=2026040823gm-0029-0000-30c39dee&tw=0
20260408232956,41,0029,tokujou,特上卓,s6u,バリッサ,トシぼう,はわわ軍師!,https://tenhou.net/0/?log=2026040823gm-0029-0000-6ff6299a&tw=1
20260409110743,41,0029,tokujou,特上卓,s6u,santal,mezzuj-2,QryanQ,https://tenhou.net/0/?log=2026040911gm-0029-0000-62f5940e&tw=2
20260409115526,41,0029,tokujou,特上卓,s6u,SweetBit,ff2,不会配平,https://tenhou.net/0/?log=2026040911gm-0029-0000-0eb9f746&tw=2
20260409121212,41,0029,tokujou,特上卓,s6u,キャキャオ,田口,ff2,https://tenhou.net/0/?log=2026040912gm-0029-0000-50c8fa77&tw=3
20260409125356,41,0029,tokujou,特上卓,s6u,ありえへん,たけぽん@tkp,めった斬り,
20260409140230,9,0009,joukyuu,上級卓,パシフィック,牙狼104,diid,NEWカザマH,
20260409195219,41,0029,tokujou,特上卓,s6u,bsd_3,阿部,町田商店美味しい,
20260409202056,41,0029,tokujou,特上卓,s6u,stark,森田哲雄,紅葉狩,
20260409205319,41,0029,tokujou,特上卓,s6u,フルハウス777,やんぎ,ほしのてつろう,
20260409212649,41,0029,tokujou,特上卓,s6u,Vbgdf,sorucano,Kingpin,
20260409215456,41,0029,tokujou,特上卓,s6u,violeTM,EIJee,名ナシ,
20260410105309,9,0009,joukyuu,上級卓,パシフィック,かずきかずき,マタギ,セイジ,
