kyoku_id,hanchan_id,go_type,go_type_hex,room_class_code,room_class_label,kyoku_info,honba,kyotaku,oya_rel,seat0_player_name,seat1_player_name,seat2_player_name,seat3_player_name,oya_player_name
20260403143738_0002,20260403143738,1,0001,ippan,一般卓,0002,2,0,2,パシフィック,himeyonn,qinqin7,eita,qinqin7
20260403143738_0100,20260403143738,1,0001,ippan,一般卓,0100,0,0,3,パシフィック,himeyonn,qinqin7,eita,eita
20260403143738_0200,20260403143738,1,0001,ippan,一般卓,0200,0,0,0,パシフィック,himeyonn,qinqin7,eita,パシフィック
20260403143738_0300,20260403143738,1,0001,ippan,一般卓,0300,0,0,1,パシフィック,himeyonn,qinqin7,eita,himeyonn
20260403151827_0000,20260403151827,9,0009,joukyuu,上級卓,0000,0,0,1,パシフィック,masa1125,はまはまみこみこ,1963414,masa1125
20260403151827_0100,20260403151827,9,0009,joukyuu,上級卓,0100,0,0,2,パシフィック,masa1125,はまはまみこみこ,1963414,はまはまみこみこ
20260403151827_0200,20260403151827,9,0009,joukyuu,上級卓,0200,0,0,3,パシフィック,masa1125,はまはまみこみこ,1963414,1963414
20260403151827_0201,20260403151827,9,0009,joukyuu,上級卓,0201,1,0,3,パシフィック,masa1125,はまはまみこみこ,1963414,1963414
20260403151827_0202,20260403151827,9,0009,joukyuu,上級卓,0202,2,0,3,パシフィック,masa1125,はまはまみこみこ,1963414,1963414
20260403151827_0203,20260403151827,9,0009,joukyuu,上級卓,0203,3,0,3,パシフィック,masa1125,はまはまみこみこ,1963414,1963414
20260403151827_0300,20260403151827,9,0009,joukyuu,上級卓,0300,0,0,0,パシフィック,masa1125,はまはまみこみこ,1963414,パシフィック
20260403151827_0400,20260403151827,9,0009,joukyuu,上級卓,0400,0,0,1,パシフィック,masa1125,はまはまみこみこ,1963414,masa1125
20260403151827_0500,20260403151827,9,0009,joukyuu,上級卓,0500,0,0,2,パシフィック,masa1125,はまはまみこみこ,1963414,はまはまみこみこ
20260403160620_0000,20260403160620,9,0009,joukyuu,上級卓,0000,0,0,2,パシフィック,キクジ,北北のヨッシーⅡ,マオマオ,北北のヨッシーⅡ
20260403160620_0001,20260403160620,9,0009,joukyuu,上級卓,0001,1,0,2,パシフィック,キクジ,北北のヨッシーⅡ,マオマオ,北北のヨッシーⅡ
20260403163215_0000,20260403163215,,,,,0000,0,0,0,パシフィック,エル・シコデリコ,k-mori,913149,パシフィック
20260403163215_0100,20260403163215,,,,,0100,0,0,1,パシフィック,エル・シコデリコ,k-mori,913149,エル・シコデリコ
20260403163215_0200,20260403163215,,,,,0200,0,1,2,パシフィック,エル・シコデリコ,k-mori,913149,k-mori
20260403164257_0000,20260403164257,1,0001,ippan,一般卓,0000,0,0,2,パシフィック,百事可楽,Moriotto,michi,Moriotto
20260403164257_0001,20260403164257,1,0001,ippan,一般卓,0001,1,0,2,パシフィック,百事可楽,Moriotto,michi,Moriotto
20260403164257_0002,20260403164257,1,0001,ippan,一般卓,0002,2,0,2,パシフィック,百事可楽,Moriotto,michi,Moriotto
20260403164257_0003,20260403164257,1,0001,ippan,一般卓,0003,3,1,2,パシフィック,百事可楽,Moriotto,michi,Moriotto
20260403164257_0100,20260403164257,1,0001,ippan,一般卓,0100,0,0,3,パシフィック,百事可楽,Moriotto,michi,michi
20260403164257_0200,20260403164257,1,0001,ippan,一般卓,0200,0,0,0,パシフィック,百事可楽,Moriotto,michi,パシフィック
20260403171702_0000,20260403171702,1,0001,ippan,一般卓,0000,0,0,3,パシフィック,Kan73,NoName,爺い,爺い
20260403171702_0001,20260403171702,1,0001,ippan,一般卓,0001,1,0,3,パシフィック,Kan73,NoName,爺い,爺い
20260403171702_0100,20260403171702,1,0001,ippan,一般卓,0100,0,0,0,パシフィック,Kan73,NoName,爺い,パシフィック
20260403171702_0200,20260403171702,1,0001,ippan,一般卓,0200,0,0,1,パシフィック,Kan73,NoName,爺い,Kan73
20260403171702_0201,20260403171702,1,0001,ippan,一般卓,0201,1,0,1,パシフィック,Kan73,NoName,爺い,Kan73
20260403171702_0202,20260403171702,1,0001,ippan,一般卓,0202,2,0,1,パシフィック,Kan73,NoName,爺い,Kan73
20260403171702_0203,20260403171702,1,0001,ippan,一般卓,0203,3,0,1,パシフィック,Kan73,NoName,爺い,Kan73
20260403171702_0304,20260403171702,1,0001,ippan,一般卓,0304,4,0,2,パシフィック,Kan73,NoName,爺い,NoName
20260403183514_0000,20260403183514,1,0001,ippan,一般卓,0000,0,0,3,パシフィック,NoName,ジャン士S,ゆりあああああ,ゆりあああああ
20260403183514_0100,20260403183514,1,0001,ippan,一般卓,0100,0,0,0,パシフィック,NoName,ジャン士S,ゆりあああああ,パシフィック
20260403183514_0200,20260403183514,1,0001,ippan,一般卓,0200,0,0,1,パシフィック,NoName,ジャン士S,ゆりあああああ,NoName
20260403194456_0000,20260403194456,9,0009,joukyuu,上級卓,0000,0,0,1,パシフィック,somen99,ぐんまのかぜ,雀雀雀～,somen99
20260403194456_0001,20260403194456,9,0009,joukyuu,上級卓,0001,1,0,1,パシフィック,somen99,ぐんまのかぜ,雀雀雀～,somen99
20260403195345_0000,20260403195345,1,0001,ippan,一般卓,0000,0,1,2,パシフィック,クニエ,Matchi,NoName,Matchi
20260403195345_0100,20260403195345,1,0001,ippan,一般卓,0100,0,0,3,パシフィック,クニエ,Matchi,NoName,NoName
20260403195345_0201,20260403195345,1,0001,ippan,一般卓,0201,1,2,0,パシフィック,クニエ,Matchi,NoName,パシフィック
20260403195345_0202,20260403195345,1,0001,ippan,一般卓,0202,2,0,0,パシフィック,クニエ,Matchi,NoName,パシフィック
20260403195345_0300,20260403195345,1,0001,ippan,一般卓,0300,0,0,1,パシフィック,クニエ,Matchi,NoName,クニエ
20260403201745_0000,20260403201745,9,0009,joukyuu,上級卓,0000,0,0,1,パシフィック,srvjimi,michi3,NoName,srvjimi
20260403201745_0100,20260403201745,9,0009,joukyuu,上級卓,0100,0,0,2,パシフィック,srvjimi,michi3,NoName,michi3
20260403201745_0200,20260403201745,9,0009,joukyuu,上級卓,0200,0,0,3,パシフィック,srvjimi,michi3,NoName,NoName
20260403201745_0300,20260403201745,9,0009,joukyuu,上級卓,0300,0,0,0,パシフィック,srvjimi,michi3,NoName,パシフィック
20260403204242_0000,20260403204242,9,0009,joukyuu,上級卓,0000,0,0,2,パシフィック,フレイヤ,たこぢ,蕎麦が好き,たこぢ
20260403204242_0100,20260403204242,9,0009,joukyuu,上級卓,0100,0,0,3,パシフィック,フレイヤ,たこぢ,蕎麦が好き,蕎麦が好き
20260403204242_0200,20260403204242,9,0009,joukyuu,上級卓,0200,0,1,0,パシフィック,フレイヤ,たこぢ,蕎麦が好き,パシフィック
20260403204242_0300,20260403204242,9,0009,joukyuu,上級卓,0300,0,0,1,パシフィック,フレイヤ,たこぢ,蕎麦が好き,フレイヤ
20260403205755_0000,20260403205755,9,0009,joukyuu,上級卓,0000,0,0,0,パシフィック,1963414,NoName,二代目パンパン男,パシフィック
20260403205755_0100,20260403205755,9,0009,joukyuu,上級卓,0100,0,0,1,パシフィック,1963414,NoName,二代目パンパン男,1963414
20260403205755_0200,20260403205755,9,0009,joukyuu,上級卓,0200,0,0,2,パシフィック,1963414,NoName,二代目パンパン男,NoName
20260403205755_0400,20260403205755,9,0009,joukyuu,上級卓,0400,0,0,0,パシフィック,1963414,NoName,二代目パンパン男,パシフィック
20260403205755_0500,20260403205755,9,0009,joukyuu,上級卓,0500,0,0,1,パシフィック,1963414,NoName,二代目パンパン男,1963414
20260403205755_0600,20260403205755,9,0009,joukyuu,上級卓,0600,0,0,2,パシフィック,1963414,NoName,二代目パンパン男,NoName
20260403205755_0700,20260403205755,9,0009,joukyuu,上級卓,0700,0,0,3,パシフィック,1963414,NoName,二代目パンパン男,二代目パンパン男
20260403215003_0100,20260403215003,1,0001,ippan,一般卓,0100,0,0,1,パシフィック,もん太,硬亀頭型ザクⅡ,NoName,もん太
20260403215003_0200,20260403215003,1,0001,ippan,一般卓,0200,0,0,2,パシフィック,もん太,硬亀頭型ザクⅡ,NoName,硬亀頭型ザクⅡ
20260403215003_0201,20260403215003,1,0001,ippan,一般卓,0201,1,0,2,パシフィック,もん太,硬亀頭型ザクⅡ,NoName,硬亀頭型ザクⅡ
20260403221108_0000,20260403221108,,,,,0000,0,0,0,パシフィック,ラーシャロム,harukun,エスニカン,パシフィック
20260403230624_0000,20260403230624,9,0009,joukyuu,上級卓,0000,0,0,2,パシフィック,NoName,tera777,ジータス,tera777
20260403230624_0100,20260403230624,9,0009,joukyuu,上級卓,0100,0,0,3,パシフィック,NoName,tera777,ジータス,ジータス
20260403230624_0101,20260403230624,9,0009,joukyuu,上級卓,0101,1,0,3,パシフィック,NoName,tera777,ジータス,ジータス
20260403230624_0102,20260403230624,9,0009,joukyuu,上級卓,0102,2,0,3,パシフィック,NoName,tera777,ジータス,ジータス
20260404062215_0000,20260404062215,41,0029,tokujou,特上卓,0000,0,0,2,s6u,玄化,遠坂式,gbrnrn,遠坂式
20260404062215_0100,20260404062215,41,0029,tokujou,特上卓,0100,0,0,3,s6u,玄化,遠坂式,gbrnrn,gbrnrn
20260404062215_0101,20260404062215,41,0029,tokujou,特上卓,0101,1,0,3,s6u,玄化,遠坂式,gbrnrn,gbrnrn
20260404062215_0200,20260404062215,41,0029,tokujou,特上卓,0200,0,0,0,s6u,玄化,遠坂式,gbrnrn,s6u
20260404062215_0201,20260404062215,41,0029,tokujou,特上卓,0201,1,0,0,s6u,玄化,遠坂式,gbrnrn,s6u
20260404062215_0300,20260404062215,41,0029,tokujou,特上卓,0300,0,0,1,s6u,玄化,遠坂式,gbrnrn,玄化
20260404062215_0400,20260404062215,41,0029,tokujou,特上卓,0400,0,0,2,s6u,玄化,遠坂式,gbrnrn,遠坂式
20260404062215_0500,20260404062215,41,0029,tokujou,特上卓,0500,0,0,3,s6u,玄化,遠坂式,gbrnrn,gbrnrn
20260404062215_0600,20260404062215,41,0029,tokujou,特上卓,0600,0,0,0,s6u,玄化,遠坂式,gbrnrn,s6u
20260404062215_0601,20260404062215,41,0029,tokujou,特上卓,0601,1,0,0,s6u,玄化,遠坂式,gbrnrn,s6u
20260404062215_0700,20260404062215,41,0029,tokujou,特上卓,0700,0,0,1,s6u,玄化,遠坂式,gbrnrn,玄化
20260404071858_0000,20260404071858,1,0001,ippan,一般卓,0000,0,0,0,パシフィック,NoName,9sho9,saitosan,パシフィック
20260406212055_0000,20260406212055,1,0001,ippan,一般卓,0000,0,0,2,パシフィック,NoName,ちょんぼ,チョンボゴメン,ちょんぼ
20260406212055_0100,20260406212055,1,0001,ippan,一般卓,0100,0,0,3,パシフィック,NoName,ちょんぼ,チョンボゴメン,チョンボゴメン
20260406212055_0101,20260406212055,1,0001,ippan,一般卓,0101,1,0,3,パシフィック,NoName,ちょんぼ,チョンボゴメン,チョンボゴメン
20260406212055_0200,20260406212055,1,0001,ippan,一般卓,0200,0,0,0,パシフィック,NoName,ちょんぼ,チョンボゴメン,パシフィック
20260406213531_0000,20260406213531,,,,,0000,0,0,2,パシフィック,COM,COM,COM,COM
20260408214925_0000,20260408214925,41,0029,tokujou,特上卓,0000,0,0,1,s6u,くいい,愛爾維西亞,Sentoven,くいい
20260408214925_0100,20260408214925,41,0029,tokujou,特上卓,0100,0,0,2,s6u,くいい,愛爾維西亞,Sentoven,愛爾維西亞
20260408214925_0200,20260408214925,41,0029,tokujou,特上卓,0200,0,0,3,s6u,くいい,愛爾維西亞,Sentoven,Sentoven
20260408214925_0300,20260408214925,41,0029,tokujou,特上卓,0300,0,0,0,s6u,くいい,愛爾維西亞,Sentoven,s6u
20260408214925_0400,20260408214925,41,0029,tokujou,特上卓,0400,0,0,1,s6u,くいい,愛爾維西亞,Sentoven,くいい
20260408214925_0500,20260408214925,41,0029,tokujou,特上卓,0500,0,0,2,s6u,くいい,愛爾維西亞,Sentoven,愛爾維西亞
20260408214925_0600,20260408214925,41,0029,tokujou,特上卓,0600,0,0,3,s6u,くいい,愛爾維西亞,Sentoven,Sentoven
20260408214925_0601,20260408214925,41,0029,tokujou,特上卓,0601,1,0,3,s6u,くいい,愛爾維西亞,Sentoven,Sentoven
20260408214925_0700,20260408214925,41,0029,tokujou,特上卓,0700,0,0,0,s6u,くいい,愛爾維西亞,Sentoven,s6u
20260408222356_0000,20260408222356,41,0029,tokujou,特上卓,0000,0,0,2,s6u,Youne,ヴームリン,はぐれメタボ,ヴームリン
20260408222356_0001,20260408222356,41,0029,tokujou,特上卓,0001,1,0,2,s6u,Youne,ヴームリン,はぐれメタボ,ヴームリン
20260408222356_0002,20260408222356,41,0029,tokujou,特上卓,0002,2,0,2,s6u,Youne,ヴームリン,はぐれメタボ,ヴームリン
20260408222356_0100,20260408222356,41,0029,tokujou,特上卓,0100,0,0,3,s6u,Youne,ヴームリン,はぐれメタボ,はぐれメタボ
20260408222356_0200,20260408222356,41,0029,tokujou,特上卓,0200,0,0,0,s6u,Youne,ヴームリン,はぐれメタボ,s6u
20260408222356_0300,20260408222356,41,0029,tokujou,特上卓,0300,0,0,1,s6u,Youne,ヴームリン,はぐれメタボ,Youne
20260408222356_0400,20260408222356,41,0029,tokujou,特上卓,0400,0,0,2,s6u,Youne,ヴームリン,はぐれメタボ,ヴームリン
20260408222356_0500,20260408222356,41,0029,tokujou,特上卓,0500,0,0,3,s6u,Youne,ヴームリン,はぐれメタボ,はぐれメタボ
20260408222356_0501,20260408222356,41,0029,tokujou,特上卓,0501,1,0,3,s6u,Youne,ヴームリン,はぐれメタボ,はぐれメタボ
20260408222356_0502,20260408222356,41,0029,tokujou,特上卓,0502,2,0,3,s6u,Youne,ヴームリン,はぐれメタボ,はぐれメタボ
20260408222356_0504,20260408222356,41,0029,tokujou,特上卓,0504,4,3,3,s6u,Youne,ヴームリン,はぐれメタボ,はぐれメタボ
20260408222356_0505,20260408222356,41,0029,tokujou,特上卓,0505,5,0,3,s6u,Youne,ヴームリン,はぐれメタボ,はぐれメタボ
20260408230458_0000,20260408230458,41,0029,tokujou,特上卓,0000,0,0,0,s6u,前髪おいしい,愛人28号,遠藤幸寛,s6u
20260408230458_0001,20260408230458,41,0029,tokujou,特上卓,0001,1,1,0,s6u,前髪おいしい,愛人28号,遠藤幸寛,s6u
20260408230458_0102,20260408230458,41,0029,tokujou,特上卓,0102,2,1,1,s6u,前髪おいしい,愛人28号,遠藤幸寛,前髪おいしい
20260408230458_0200,20260408230458,41,0029,tokujou,特上卓,0200,0,0,2,s6u,前髪おいしい,愛人28号,遠藤幸寛,愛人28号
20260408230458_0201,20260408230458,41,0029,tokujou,特上卓,0201,1,0,2,s6u,前髪おいしい,愛人28号,遠藤幸寛,愛人28号
20260408230458_0202,20260408230458,41,0029,tokujou,特上卓,0202,2,0,2,s6u,前髪おいしい,愛人28号,遠藤幸寛,愛人28号
20260408230458_0300,20260408230458,41,0029,tokujou,特上卓,0300,0,0,3,s6u,前髪おいしい,愛人28号,遠藤幸寛,遠藤幸寛
20260408232956_0000,20260408232956,41,0029,tokujou,特上卓,0000,0,0,3,s6u,バリッサ,トシぼう,はわわ軍師!,はわわ軍師!
20260408232956_0001,20260408232956,41,0029,tokujou,特上卓,0001,1,0,3,s6u,バリッサ,トシぼう,はわわ軍師!,はわわ軍師!
20260408232956_0100,20260408232956,41,0029,tokujou,特上卓,0100,0,0,0,s6u,バリッサ,トシぼう,はわわ軍師!,s6u
20260408232956_0200,20260408232956,41,0029,tokujou,特上卓,0200,0,0,1,s6u,バリッサ,トシぼう,はわわ軍師!,バリッサ
20260408232956_0300,20260408232956,41,0029,tokujou,特上卓,0300,0,0,2,s6u,バリッサ,トシぼう,はわわ軍師!,トシぼう
20260408232956_0400,20260408232956,41,0029,tokujou,特上卓,0400,0,0,3,s6u,バリッサ,トシぼう,はわわ軍師!,はわわ軍師!
20260408232956_0401,20260408232956,41,0029,tokujou,特上卓,0401,1,0,3,s6u,バリッサ,トシぼう,はわわ軍師!,はわわ軍師!
20260408232956_0500,20260408232956,41,0029,tokujou,特上卓,0500,0,0,0,s6u,バリッサ,トシぼう,はわわ軍師!,s6u
20260408232956_0501,20260408232956,41,0029,tokujou,特上卓,0501,1,1,0,s6u,バリッサ,トシぼう,はわわ軍師!,s6u
20260408232956_0600,20260408232956,41,0029,tokujou,特上卓,0600,0,0,1,s6u,バリッサ,トシぼう,はわわ軍師!,バリッサ
20260408232956_0700,20260408232956,41,0029,tokujou,特上卓,0700,0,0,2,s6u,バリッサ,トシぼう,はわわ軍師!,トシぼう
20260409110743_0000,20260409110743,41,0029,tokujou,特上卓,0000,0,0,2,s6u,santal,mezzuj-2,QryanQ,mezzuj-2
20260409110743_0100,20260409110743,41,0029,tokujou,特上卓,0100,0,0,3,s6u,santal,mezzuj-2,QryanQ,QryanQ
20260409110743_0200,20260409110743,41,0029,tokujou,特上卓,0200,0,0,0,s6u,santal,mezzuj-2,QryanQ,s6u
20260409110743_0301,20260409110743,41,0029,tokujou,特上卓,0301,1,0,1,s6u,santal,mezzuj-2,QryanQ,santal
20260409110743_0400,20260409110743,41,0029,tokujou,特上卓,0400,0,0,2,s6u,santal,mezzuj-2,QryanQ,mezzuj-2
20260409110743_0401,20260409110743,41,0029,tokujou,特上卓,0401,1,0,2,s6u,santal,mezzuj-2,QryanQ,mezzuj-2
20260409110743_0500,20260409110743,41,0029,tokujou,特上卓,0500,0,0,3,s6u,santal,mezzuj-2,QryanQ,QryanQ
20260409110743_0501,20260409110743,41,0029,tokujou,特上卓,0501,1,0,3,s6u,santal,mezzuj-2,QryanQ,QryanQ
20260409110743_0600,20260409110743,41,0029,tokujou,特上卓,0600,0,0,0,s6u,santal,mezzuj-2,QryanQ,s6u
20260409110743_0700,20260409110743,41,0029,tokujou,特上卓,0700,0,0,1,s6u,santal,mezzuj-2,QryanQ,santal
20260409115526_0000,20260409115526,41,0029,tokujou,特上卓,0000,0,0,2,s6u,SweetBit,ff2,不会配平,ff2
20260409115526_0001,20260409115526,41,0029,tokujou,特上卓,0001,1,0,2,s6u,SweetBit,ff2,不会配平,ff2
20260409115526_0100,20260409115526,41,0029,tokujou,特上卓,0100,0,0,3,s6u,SweetBit,ff2,不会配平,不会配平
20260409115526_0200,20260409115526,41,0029,tokujou,特上卓,0200,0,0,0,s6u,SweetBit,ff2,不会配平,s6u
20260409115526_0201,20260409115526,41,0029,tokujou,特上卓,0201,1,0,0,s6u,SweetBit,ff2,不会配平,s6u
20260409115526_0202,20260409115526,41,0029,tokujou,特上卓,0202,2,0,0,s6u,SweetBit,ff2,不会配平,s6u
20260409121212_0000,20260409121212,41,0029,tokujou,特上卓,0000,0,0,1,s6u,キャキャオ,田口,ff2,キャキャオ
20260409121212_0001,20260409121212,41,0029,tokujou,特上卓,0001,1,0,1,s6u,キャキャオ,田口,ff2,キャキャオ
20260409121212_0100,20260409121212,41,0029,tokujou,特上卓,0100,0,0,2,s6u,キャキャオ,田口,ff2,田口
20260409121212_0200,20260409121212,41,0029,tokujou,特上卓,0200,0,0,3,s6u,キャキャオ,田口,ff2,ff2
20260409121212_0300,20260409121212,41,0029,tokujou,特上卓,0300,0,0,0,s6u,キャキャオ,田口,ff2,s6u
20260409121212_0400,20260409121212,41,0029,tokujou,特上卓,0400,0,0,1,s6u,キャキャオ,田口,ff2,キャキャオ
20260409121212_0401,20260409121212,41,0029,tokujou,特上卓,0401,1,0,1,s6u,キャキャオ,田口,ff2,キャキャオ
20260409121212_0402,20260409121212,41,0029,tokujou,特上卓,s6u,キャキャオ,田口,ff2,キャキャオ,キャキャオ,田口,ff2,
20260409121212_0403,20260409121212,41,0029,tokujou,特上卓,s6u,キャキャオ,田口,ff2,キャキャオ,キャキャオ,田口,ff2,
20260409121212_0500,20260409121212,41,0029,tokujou,特上卓,s6u,キャキャオ,田口,ff2,田口,キャキャオ,田口,ff2,
20260409121212_0600,20260409121212,41,0029,tokujou,特上卓,s6u,キャキャオ,田口,ff2,ff2,キャキャオ,田口,ff2,
20260409121212_0701,20260409121212,41,0029,tokujou,特上卓,s6u,キャキャオ,田口,ff2,s6u,キャキャオ,田口,ff2,
20260409125356_0000,20260409125356,41,0029,tokujou,特上卓,0000,0,0,2,s6u,ありえへん,たけぽん@tkp,めった斬り,たけぽん@tkp
20260409125356_0100,20260409125356,41,0029,tokujou,特上卓,0100,0,0,3,s6u,ありえへん,たけぽん@tkp,めった斬り,めった斬り
20260409125356_0200,20260409125356,41,0029,tokujou,特上卓,0200,0,0,0,s6u,ありえへん,たけぽん@tkp,めった斬り,s6u
20260409125356_0300,20260409125356,41,0029,tokujou,特上卓,0300,0,0,1,s6u,ありえへん,たけぽん@tkp,めった斬り,ありえへん
20260409125356_0400,20260409125356,41,0029,tokujou,特上卓,0400,0,0,2,s6u,ありえへん,たけぽん@tkp,めった斬り,たけぽん@tkp
20260409125356_0401,20260409125356,41,0029,tokujou,特上卓,0401,1,0,2,s6u,ありえへん,たけぽん@tkp,めった斬り,たけぽん@tkp
20260409125356_0402,20260409125356,41,0029,tokujou,特上卓,0402,2,0,2,s6u,ありえへん,たけぽん@tkp,めった斬り,たけぽん@tkp
20260409125356_0403,20260409125356,41,0029,tokujou,特上卓,0403,3,0,2,s6u,ありえへん,たけぽん@tkp,めった斬り,たけぽん@tkp
20260409125356_0404,20260409125356,41,0029,tokujou,特上卓,0404,4,1,2,s6u,ありえへん,たけぽん@tkp,めった斬り,たけぽん@tkp
20260409125356_0500,20260409125356,41,0029,tokujou,特上卓,0500,0,0,3,s6u,ありえへん,たけぽん@tkp,めった斬り,めった斬り
20260409125356_0600,20260409125356,41,0029,tokujou,特上卓,0600,0,0,0,s6u,ありえへん,たけぽん@tkp,めった斬り,s6u
20260409125356_0700,20260409125356,41,0029,tokujou,特上卓,0700,0,0,1,s6u,ありえへん,たけぽん@tkp,めった斬り,ありえへん
20260409140230_0000,20260409140230,9,0009,joukyuu,上級卓,0000,0,0,1,パシフィック,牙狼104,diid,NEWカザマH,牙狼104
20260409140230_0100,20260409140230,9,0009,joukyuu,上級卓,0100,0,0,2,パシフィック,牙狼104,diid,NEWカザマH,diid
20260409195219_0000,20260409195219,41,0029,tokujou,特上卓,0000,0,0,2,s6u,bsd_3,阿部,町田商店美味しい,阿部
20260409195219_0100,20260409195219,41,0029,tokujou,特上卓,0100,0,0,3,s6u,bsd_3,阿部,町田商店美味しい,町田商店美味しい
20260409195219_0200,20260409195219,41,0029,tokujou,特上卓,0200,0,0,0,s6u,bsd_3,阿部,町田商店美味しい,s6u
20260409195219_0201,20260409195219,41,0029,tokujou,特上卓,0201,1,0,0,s6u,bsd_3,阿部,町田商店美味しい,s6u
20260409195219_0202,20260409195219,41,0029,tokujou,特上卓,0202,2,0,0,s6u,bsd_3,阿部,町田商店美味しい,s6u
20260409195219_0300,20260409195219,41,0029,tokujou,特上卓,0300,0,0,1,s6u,bsd_3,阿部,町田商店美味しい,bsd_3
20260409195219_0400,20260409195219,41,0029,tokujou,特上卓,0400,0,0,2,s6u,bsd_3,阿部,町田商店美味しい,阿部
20260409195219_0500,20260409195219,41,0029,tokujou,特上卓,0500,0,0,3,s6u,bsd_3,阿部,町田商店美味しい,町田商店美味しい
20260409195219_0601,20260409195219,41,0029,tokujou,特上卓,0601,1,1,0,s6u,bsd_3,阿部,町田商店美味しい,s6u
20260409195219_0700,20260409195219,41,0029,tokujou,特上卓,0700,0,0,1,s6u,bsd_3,阿部,町田商店美味しい,bsd_3
20260409202056_0000,20260409202056,41,0029,tokujou,特上卓,0000,0,0,3,s6u,stark,森田哲雄,紅葉狩,紅葉狩
20260409202056_0100,20260409202056,41,0029,tokujou,特上卓,0100,0,0,0,s6u,stark,森田哲雄,紅葉狩,s6u
20260409202056_0101,20260409202056,41,0029,tokujou,特上卓,0101,1,0,0,s6u,stark,森田哲雄,紅葉狩,s6u
20260409202056_0102,20260409202056,41,0029,tokujou,特上卓,0102,2,2,0,s6u,stark,森田哲雄,紅葉狩,s6u
20260409202056_0200,20260409202056,41,0029,tokujou,特上卓,0200,0,0,1,s6u,stark,森田哲雄,紅葉狩,stark
20260409202056_0300,20260409202056,41,0029,tokujou,特上卓,0300,0,0,2,s6u,stark,森田哲雄,紅葉狩,森田哲雄
20260409202056_0400,20260409202056,41,0029,tokujou,特上卓,0400,0,0,3,s6u,stark,森田哲雄,紅葉狩,紅葉狩
20260409202056_0401,20260409202056,41,0029,tokujou,特上卓,0401,1,0,3,s6u,stark,森田哲雄,紅葉狩,紅葉狩
20260409202056_0500,20260409202056,41,0029,tokujou,特上卓,0500,0,0,0,s6u,stark,森田哲雄,紅葉狩,s6u
20260409202056_0600,20260409202056,41,0029,tokujou,特上卓,0600,0,0,1,s6u,stark,森田哲雄,紅葉狩,stark
20260409202056_0601,20260409202056,41,0029,tokujou,特上卓,0601,1,0,1,s6u,stark,森田哲雄,紅葉狩,stark
20260409202056_0700,20260409202056,41,0029,tokujou,特上卓,0700,0,0,2,s6u,stark,森田哲雄,紅葉狩,森田哲雄
20260409205319_0000,20260409205319,41,0029,tokujou,特上卓,0000,0,0,0,s6u,フルハウス777,やんぎ,ほしのてつろう,s6u
20260409205319_0100,20260409205319,41,0029,tokujou,特上卓,0100,0,0,1,s6u,フルハウス777,やんぎ,ほしのてつろう,フルハウス777
20260409205319_0200,20260409205319,41,0029,tokujou,特上卓,0200,0,0,2,s6u,フルハウス777,やんぎ,ほしのてつろう,やんぎ
20260409205319_0300,20260409205319,41,0029,tokujou,特上卓,0300,0,0,3,s6u,フルハウス777,やんぎ,ほしのてつろう,ほしのてつろう
20260409205319_0301,20260409205319,41,0029,tokujou,特上卓,0301,1,0,3,s6u,フルハウス777,やんぎ,ほしのてつろう,ほしのてつろう
20260409205319_0302,20260409205319,41,0029,tokujou,特上卓,0302,2,0,3,s6u,フルハウス777,やんぎ,ほしのてつろう,ほしのてつろう
20260409205319_0303,20260409205319,41,0029,tokujou,特上卓,0303,3,0,3,s6u,フルハウス777,やんぎ,ほしのてつろう,ほしのてつろう
20260409205319_0400,20260409205319,41,0029,tokujou,特上卓,0400,0,0,0,s6u,フルハウス777,やんぎ,ほしのてつろう,s6u
20260409205319_0401,20260409205319,41,0029,tokujou,特上卓,0401,1,0,0,s6u,フルハウス777,やんぎ,ほしのてつろう,s6u
20260409205319_0402,20260409205319,41,0029,tokujou,特上卓,0402,2,0,0,s6u,フルハウス777,やんぎ,ほしのてつろう,s6u
20260409205319_0500,20260409205319,41,0029,tokujou,特上卓,0500,0,0,1,s6u,フルハウス777,やんぎ,ほしのてつろう,フルハウス777
20260409205319_0600,20260409205319,41,0029,tokujou,特上卓,0600,0,0,2,s6u,フルハウス777,やんぎ,ほしのてつろう,やんぎ
20260409205319_0700,20260409205319,41,0029,tokujou,特上卓,0700,0,0,3,s6u,フルハウス777,やんぎ,ほしのてつろう,ほしのてつろう
20260409212649_0000,20260409212649,41,0029,tokujou,特上卓,0000,0,0,3,s6u,Vbgdf,sorucano,Kingpin,Kingpin
20260409212649_0100,20260409212649,41,0029,tokujou,特上卓,0100,0,0,0,s6u,Vbgdf,sorucano,Kingpin,s6u
20260409212649_0200,20260409212649,41,0029,tokujou,特上卓,0200,0,0,1,s6u,Vbgdf,sorucano,Kingpin,Vbgdf
20260409212649_0300,20260409212649,41,0029,tokujou,特上卓,0300,0,0,2,s6u,Vbgdf,sorucano,Kingpin,sorucano
20260409212649_0400,20260409212649,41,0029,tokujou,特上卓,0400,0,0,3,s6u,Vbgdf,sorucano,Kingpin,Kingpin
20260409212649_0401,20260409212649,41,0029,tokujou,特上卓,0401,1,0,3,s6u,Vbgdf,sorucano,Kingpin,Kingpin
20260409212649_0500,20260409212649,41,0029,tokujou,特上卓,0500,0,0,0,s6u,Vbgdf,sorucano,Kingpin,s6u
20260409212649_0501,20260409212649,41,0029,tokujou,特上卓,0501,1,0,0,s6u,Vbgdf,sorucano,Kingpin,s6u
20260409212649_0602,20260409212649,41,0029,tokujou,特上卓,0602,2,1,1,s6u,Vbgdf,sorucano,Kingpin,Vbgdf
20260409212649_0700,20260409212649,41,0029,tokujou,特上卓,0700,0,0,2,s6u,Vbgdf,sorucano,Kingpin,sorucano
20260409215456_0000,20260409215456,41,0029,tokujou,特上卓,0000,0,0,2,s6u,violeTM,EIJee,名ナシ,EIJee
20260409215456_0001,20260409215456,41,0029,tokujou,特上卓,0001,1,0,2,s6u,violeTM,EIJee,名ナシ,EIJee
20260409215456_0002,20260409215456,41,0029,tokujou,特上卓,0002,2,0,2,s6u,violeTM,EIJee,名ナシ,EIJee
20260409215456_0100,20260409215456,41,0029,tokujou,特上卓,0100,0,0,3,s6u,violeTM,EIJee,名ナシ,名ナシ
20260409215456_0200,20260409215456,41,0029,tokujou,特上卓,0200,0,0,0,s6u,violeTM,EIJee,名ナシ,s6u
20260409215456_0300,20260409215456,41,0029,tokujou,特上卓,0300,0,0,1,s6u,violeTM,EIJee,名ナシ,violeTM
20260409215456_0400,20260409215456,41,0029,tokujou,特上卓,0400,0,0,2,s6u,violeTM,EIJee,名ナシ,EIJee
20260409215456_0500,20260409215456,41,0029,tokujou,特上卓,0500,0,0,3,s6u,violeTM,EIJee,名ナシ,名ナシ
20260409215456_0501,20260409215456,41,0029,tokujou,特上卓,0501,1,0,3,s6u,violeTM,EIJee,名ナシ,名ナシ
20260409215456_0600,20260409215456,41,0029,tokujou,特上卓,0600,0,0,0,s6u,violeTM,EIJee,名ナシ,s6u
20260409215456_0601,20260409215456,41,0029,tokujou,特上卓,0601,1,0,0,s6u,violeTM,EIJee,名ナシ,s6u
20260409215456_0700,20260409215456,41,0029,tokujou,特上卓,0700,0,0,1,s6u,violeTM,EIJee,名ナシ,violeTM
20260410105309_0000,20260410105309,9,0009,joukyuu,上級卓,0000,0,0,0,パシフィック,かずきかずき,マタギ,セイジ,パシフィック
20260410105309_0100,20260410105309,9,0009,joukyuu,上級卓,0100,0,1,1,パシフィック,かずきかずき,マタギ,セイジ,かずきかずき
20260410105309_0101,20260410105309,9,0009,joukyuu,上級卓,0101,1,0,1,パシフィック,かずきかずき,マタギ,セイジ,かずきかずき
20260410105309_0200,20260410105309,9,0009,joukyuu,上級卓,0200,0,0,2,パシフィック,かずきかずき,マタギ,セイジ,マタギ
