player_name,user_memo,analysis_memo
パシフィック,,
himeyonn,,
qinqin7,,
eita,,
masa1125,,
はまはまみこみこ,,
1963414,,
キクジ,,
北北のヨッシーⅡ,,
マオマオ,,
エル・シコデリコ,,
k-mori,,
913149,,
百事可楽,,
Moriotto,,
michi,,
Kan73,,
NoName,,
爺い,,
ジャン士S,,
ゆりあああああ,,
somen99,,
ぐんまのかぜ,,
雀雀雀～,,
クニエ,,
Matchi,,
srvjimi,,
michi3,,
フレイヤ,,
たこぢ,,
蕎麦が好き,,
二代目パンパン男,,
もん太,,
硬亀頭型ザクⅡ,,
ラーシャロム,,
harukun,,
エスニカン,,
tera777,,
ジータス,,
s6u,,
玄化,,
遠坂式,,
gbrnrn,,
コカライア,,
デラコッコ,,
デバサイ,,
MERON流,,
ふか,,
アフリカ,,
B.ムルザバエフ,,
ハニーマドレーヌ,,
9sho9,,
saitosan,,
ちょんぼ,,
チョンボゴメン,,
COM,,
くいい,,
愛爾維西亞,,
Sentoven,両面固定敢えて早く切ってる説がある。,
Youne,,
ヴームリン,,
はぐれメタボ,"親番5800ダマ。ダマ多めではある。
親番細かく和了で連荘狙いがち",
前髪おいしい,,
愛人28号,押しすぎでは？親番ラス目とはいえ,
遠藤幸寛,,
バリッサ,,
トシぼう,,
はわわ軍師!,,
santal,,
mezzuj-2,くそダマ寄り,
QryanQ,,
SweetBit,,
ff2,,
不会配平,,
キャキャオ,,
田口,,
ありえへん,五段なのにクソダマと、南場一切れドラ南くそぬるトップ目放銃,
たけぽん@tkp,,
めった斬り,高打点両面ダマあり,
牙狼104,,
diid,,
NEWカザマH,,
bsd_3,,
阿部,,
町田商店美味しい,,
stark,,
森田哲雄,伏せて３着で3副露発進親番2着と28000ほど差。,
紅葉狩,,
フルハウス777,"ぬるいね。リーチケアして自分も二副露だからと二副露に白しょんぱい押し。二軒全ツには見合わない。

タメロンマン！",
やんぎ,,
ほしのてつろう,,
Vbgdf,,
sorucano,,
Kingpin,,
violeTM,,
EIJee,"第一打先切り
からの赤5引いて入れ替えの第一打と同じ8s手出し
チャンタかなり見てた手組だった。手出し多いと手役率は高まるよね",
名ナシ,,
かずきかずき,,
マタギ,,
セイジ,,
ミカパパママ,,
やまだたろう,,
rinjan,,
MIZUGUCH,,
みゃーちゃん,,
jk1968,,
優歩,,
【TM】,,
Tak1984,,
偏執的文学狂想曲,,
nari1253,,
だいあん,,
カヴァレリッツォ,,
oxy13,,
Skam5963,,
岡本恭輔,,
ShinChi,1-4s親番終盤寄りツモ切りリーチ！ツモ切りリーチ両面ある,
月下論,,
ちむどんどん？,,
大樹氷２５％,4ハン両面満貫ダマ26/4/10,
Elseal,,
GoodYear,,
LAVA,,
激弱博徒,,
土鍋,,
裏雀士,,
BaoZL,,
テクムセ,,
R09,鳴き無しボタン多い面前進行派→鳴き少し基準高め！,
皆蔵トマル,,
きんたまに咲く花,リーチ率18%、副露率32%（鳳凰卓）,
馬老C,染め居て別色両面を拒否して役牌シャンポン！,
伽羅猫,,
あらぽん,,
ごきげんよう！！,,
革と皮,,
なかざわーるどう,,
Lucy3939,,
幸村シャーク,,
びびあん,,
トェェェェェェイ,,
sbihina,,
Steven,,
指導者の祈り拒絶,,
Tauca,,
２０２０ＭＥＮＵ,,
IQ170,,
あゆみるみる4,,
かいじゅう２,,
ヴァッシュ,,
jijyun,,
kousal,,
Shonan,,
サカ天和,,
ベリーショートJ,,
なぽり2026,,
satochi-,,
superint,,
鳥万,,
ゆうびんやさん,,
はいれにゃん,,
オカルト研究会,,
天江衣,,
風林火川,,
紫,"早タイム地獄字牌単騎、見間違い？　確認でない場合でも麻雀の理解浅いことにはなる。
２軒に急なノータイム赤プッシュ、五段だがやっぱ弱い
タメロン
",
奈月セナ,結構押しすぎ、親リーにとか、外側とか。,
笑ってコラえて！,,
sakura丿,,
199053,,
こいきき,,
Fsight,,
skybit,,
せんざんこうさん,,
欧陽,くそダマ満貫、くそ先切り23固定,
シゲルペペ,,
清水新吾,,
SAL,,
高田馬場,,
hikaru,,
Sadou,,
天然ジイ3,,
よく分からない,,
gieron,,
sabiuu,,
midoriko,,
ガルガル,,
sasimize,,
tetwo54,,
kimikoo5,,
秀③,,
にっしー,,
江頭5:73,,
結城めぐみ,,
水ラーメン,,
ケンメイ3534,,
クルンテープ,,
minimomo,,
Moritaxi,,
とても悲しい,,
hiro0905,,
KrlJiKay,,
akio,,
ゆーだんだん,,
amarcome,,
D.G.,,
kyonta,,
ひらもと,,
かっちゃん,,
shin5u2,,
たけのうち,,
ネパールカレー,,
ひょうもんたこら,,
sabakan,,
Tovenaar,,
crimson,,
ぱぱん2,,
ht-pt,,
喉頭形成術Ⅴ型,,
小田時人,,
わはは,,
ジャーナリスト魂,,
M＆I,,
いちちち,,
アンディだよ。,,
Millio,,
Ds.,,
yhm,,
matsu_r,,
あゆひな68,,
霜一八,,
ABCDC,,
unryu,,
ひろぼうA1,,
ryu1110,,
深海,,
Toshie,,
きんぎょすくい,,
そのまま,,
小助,,
変身忍者,,
ミセスｋ,,
ABC1234,,
ユウイチ,,
HUTO,,
koda08,,
hfhgudiw,,
レオプ－,,
itsulove,,
monohon,,
ここ姫,,
チーズとクルミ,,
ゆみん,,
じぇいそんおずま,,
isamu713,,
優良会員・・・２,,
WKBXW,,
あさみ丼,,
ableeee,,
スーチーホイハン,,
わああああああい,,
CSU日麻小高手,,
Bomzhong,,
桃李言わざれども,,
綿雪,,
Chairman,,
緑茶。,,
YZFTZ,,
暴力ペンギン,,
Heihei05,,
球1234,,
MIRA,,
yoshipin,,
kuroo,,
ROKU,,
狐千歳,,
MrIndigo,6ブロッカー寄り。早切り両面3つの両面固定とか半荘中に5回の両面固定で多すぎ。,
阿夫利,,
Boyan,,
sxc258,,
プロゴルファー8,,
モリヒロナラ,,
サチール,,
Kanayama,,
こうちゃんnn,,
DrKanoto,,
時を駆ける爺,,
soer,,
Coffee,,
markino!,,
ぴかーる,2切れ間8曲げてた子で,
s7055,,
ハルカナイチゴ,,
140cut,,
モメンタム,,
olsn,,
Drうっちー,,
イチボ,,
175S1,,
フジヤンFT,,
福瑞,,
1Mercury,,
ぼくはガリレオ,,
waffle07,,
D5471,,
変態紳士＠,,
ピータン01,,
茶髪,,
穴澤妙哉,,
オール鳩ヶ谷,,
Alessia,,
ペンタ,,
kokounos,,
梅さん129,,
ふぁび2,,
正氣十足,,
oliver,特上8段。鳴き無し押しがちでダマとかある。,
純粋居飛車党,くそダマ満貫,
たこるん,,
おうもう,,
しんせんじにく,,
いいけん,,
lsajie,,
tampopo3,ラス目くっそダマ。多分他もダマ気味になってる,
緑の猿人,,
ぱむぱむ,,
洪湖,,
むらしゅー,,
alice7,,
Kanako_,,
やんわり,,
怯怯,,
FridaW89,,
mlicca,,
怪我の功名,,
かず坊,,
掉段皮人,,
teriri,,
かなかなカナ？,,
k2xx,,
alpha@de,,
'Chalo',謎モギリー両面、67で789三色手替わり見てた？,
天江衣@門前打点,,
厚岸,,
ponponsn,,
鳳凰双花紅棍,,
かネ,,
sjnmp001,通信遅延マン。ラグみたいなのこの人の捨て牌で起きまくったりする,
今、急所が埋まる,,
ざきゆう,,
田中TNKチリコ,,
鳥澄珠烏,,
hayajin6,,
なかやまくんに君,,
岬の珊瑚,,
example,ラグ糞長め？→ラグ長めだとここのラグっぽい？,
しろてぃー,,
女騎士の意地,,
めーーぷる,,
おっお,ぬるい。くそダマっぽい,
ルイコスタ,染にも先切り押しできる四段,
こむぎです。,,
ヤギっぽいジジイ,,
さきたま林檎,,
ライムちゃん,,
縁浩,,
シエロクリスタ,,
suzulove,四段なのに打点手組上手いかも,
JOJO1985,,
チチヤス,,
ぼうちゃん,"ドラションパイオタ風うっかり押し？まあ四段はうっかりよくある
ラフ押し過ぎ。単騎聴牌降りれない
やっぱり結構押しすぎ
和了に向かい過ぎ",
konmo,きもブクブク？　くそダマ,
我是高人,,
shunmoko,,
Run2,,
ますださん,,
地獄西単騎,,
ふうちゃんパパ,,
しみしみ,,
おおはやり,,
gobougbu,ダブ東3p待ちで押しすぎ、シャンテンから押してる。,
もってけ泥棒,,
おりどん,,
Lorraine,,
ろぱちょ,単品赤々ダマ。→リーチの愚形率や低打点率が上がる,
okita,ぬるめ、赤切り1-4とかに一発で,
maochong,,
めろんたろん,,
まるひろ,,
複雑なワキ毛,タメロン返し、変なダマ一盃口ペンチャン,
コンビーフ三郎,,
黒トリガー,,
明々星,,
Maniac,くそダマ。平和ドラ1も,
rire,,
9-bay,,
大理石,,
アルビノ1121,,
Mild7,"六段なのに愚形くそダマ間5s。トップ目はトン愚形ダマかも？
トップ目はトン3でも",
wxlsz,,
yamatter,,
ドロテア,,
志云,,
太陽海,,
iron12,ぬるいかな。筋のペンチャンドラ打ち,
アニカとぼくら,ぬるい。間違った鳴き読みで押しすぎかな？,
大森人,"くそ愚形三色手替わり待ち。六段なのに
他両面でもくそダマ",
りゅうパパ,,
ブチギレリーチ,,
MiNeO,,
差し上げます,,
沼野智樹裕樹直樹,,
まるーん,,
51,,
鈴木だろう,,
カミナリ,,
zanshin,,
mitsurou,,
Poco,,
ワザチョン,,
Doraemon,,
khanhdz,,
ハナヒバナ,,
にょーん,,
のんびり北から,,
OVPEリーダー,,
BIGY,,
俺麻雀,,
15cake,,
若竹_白荷,,
Apollo6,,
WIN神,,
Hellcat,,
おがわくん,,
ふろんがーぜっと,,
かねだ,,
yurimog,,
JunKo,,
鏡の笑顔,,
funa_,,
あたらしいおさけ,,
You-ta,,
長山犬樹,,
カピタン,,
kai.t,,
pandaaaz,,
逢坂小溪,,
ぽんこちゃん。,,
モイヒャン,,
2008-RF,,
ばしゃうま,,
ざばす,,
Pom319,,
踊らないポカリ,,
ロヒモトスミ,,
在宅雀士,,
QuadCore,,
お前も舞うか,,
クリスチャンZ,,
daijiro,,
司波深雪,,
Wingding,,
Sxx0028,,
猫ウルフ,,
カニエ東,,
ricardo,,
比嘉秀仁,,
墨,,
すせそ,,
れいじ28425,,
ミヤシー,,
ちらちら,,
メダ活ガチ勢です,,
AccesS,,
涅槃ちゃん,,
MASA0226,,
dfdr,,
アンメモ,,
てぃむのすけ,,
PlayHard,,
Unbobo,,
Lilguaro,,
Abelox,ちょい押しすぎかなt高め2000点で中トイツで降りられるのに,
てぃーおも,,
くれーぷちゃん,,
臥竜,,
氷乃ハコ@VT,,
Leontes,,
ピッチー,,
okabeshi,,
ルーリー0208,,
a20513,,
JIMMY,,
mendotti,,
タコ中のタコ,くそダマ8000両面。仕掛け入ってたからかも。四段,
なべかつ,,
奥寺,,
tacolog,ドラ跨ぎくそ5800ダマ。六段なのにクソダマ,
メリオ94,,
ten-ten,,
IWA3,,
ゆったり,四段クソダマ,
とらもんち,,
namu0820,,
カルペディエム,,
これがふさふさ,,
SIBATA,,
こみてん,,
幸せのサチコさん,南2ラス回避のための3着で2000局消化役牌鳴き両面,
ビビリヘタレ引弱,,
JPGR,字牌単騎とか字牌待ち好きかも,
Noris,,
Nanoah,,
戀病熱,"五段ぬるい。ダントツトップ目でドラ打ち押し。かなり攻め型かな、押しすぎの
ダマケアも甘い。三段目親手出し跨ぎ筋でも",
みそ,役無しクソダマ,
助清,"七段しっかり押し気味
リーチ宣言してから高め三色ある方を少し時間かけた4連からの切りがあった",
HACO,両面くっそダマ,
のだめヽ,,
冬實yuki,,
ぬまお1,,
つつつーつつっ,,
和泉千晶*,,
Riluto,,
うぃきるそん,,
kuromate,,
キャベツ食い,,
広がる堂岐,,
おむりーち,五段クソダマ,
いちぽむ,四段。19ぬるいかも。外側もぬるめ,
北区田端,,
ろんぐすとれんじ,,
cjx7953,,
田中摩美々,,
怠惰の極,,
ポーちゃん,,
ponion,,
にゃしの弟子,五段、ぬるい。門前だった,
YAYAYA49,,
kx,,
Sachi2,五段クソダマ。トップ争いにかなり損→牽制でダマになる。おまけにぬるめ,
サラダチキン,,
スライムの冠,,
99パー,,
安全第一即リーチ,,
K15,,
夜叉,,
これぞ麻雀,,
tikura,,
windyxx,,
七水,,
azuuuu,小三元単騎ぬるいしクソダマ五段,
ミゲール改,五段ぬるい、というか二軒寄りに押しすぎ,
かちゃくちゃねぇ,早タイム7m先切りツモ切りの6-9mあった。22388sが入り目っぽい,
◯所恐怖症,,
Luc1fer,先切りマン？,
anyadra,六段親リー急ぎがちペン7m、親カン早すぎビビらせ,
三元牌の切り順,,
くらえす,,
シコシコJP,,
=雷帝ゼオン=,六段リーチ後めちゃくちゃラグらせる,
ばろん２９,,
ボッジ,,
sakuwo②,,
kitaha,,
眞田槐,,
turtle.,,
Sahara87,ラス目くっそダマ、だから四段,
