player_name,user_memo,analysis_memo,source_url
パシフィック,,,
himeyonn,,,
qinqin7,,,
eita,,,
masa1125,,,
はまはまみこみこ,,,
1963414,,,
キクジ,,,
北北のヨッシーⅡ,,,
マオマオ,,,
エル・シコデリコ,,,
k-mori,,,
913149,,,
百事可楽,,,
Moriotto,,,
michi,,,
Kan73,,,
NoName,,,
爺い,,,
ジャン士S,,,
ゆりあああああ,,,
somen99,,,
ぐんまのかぜ,,,
雀雀雀～,,,
クニエ,,,
Matchi,,,
srvjimi,,,
michi3,,,
フレイヤ,,,
たこぢ,,,
蕎麦が好き,,,
二代目パンパン男,,,
もん太,,,
硬亀頭型ザクⅡ,,,
ラーシャロム,,,
harukun,,,
エスニカン,,,
tera777,,,
ジータス,,,
s6u,,,https://tenhou.net/0/?log=2026051318gm-00a9-0000-14aca989&tw=0
玄化,,,
遠坂式,,,
gbrnrn,,,
コカライア,,,
デラコッコ,"十段ホンイツでも読んで最初の数牌副露押してくる！ターツ落としとか。
悩んだ跨ぎは降りてはいけないところなのに止められてた

東発ションパイ28愚形満貫ダマ
4飜愚形ダマかも

ノータイムプッシュは聴牌だった",,https://tenhou.net/0/?log=2026051419gm-00a9-0000-f20a77b0&tw=3
デバサイ,,,
MERON流,,,
ふか,,,
アフリカ,,,https://tenhou.net/0/?log=2026051716gm-00a9-0000-094dc356&tw=3
B.ムルザバエフ,,,
ハニーマドレーヌ,,,https://tenhou.net/0/?log=2026051419gm-00a9-0000-f20a77b0&tw=3
9sho9,,,
saitosan,,,
ちょんぼ,,,
チョンボゴメン,,,
COM,,,
くいい,,,
愛爾維西亞,,,
Sentoven,両面固定敢えて早く切ってる説がある。,,
Youne,,,
ヴームリン,,,
はぐれメタボ,"親番5800ダマ。ダマ多めではある。
親番細かく和了で連荘狙いがち",,
前髪おいしい,,,
愛人28号,押しすぎでは？親番ラス目とはいえ,,
遠藤幸寛,,,
バリッサ,,,
トシぼう,,,
はわわ軍師!,,,
santal,,,
mezzuj-2,くそダマ寄り,,
QryanQ,,,
SweetBit,,,
ff2,,,
不会配平,,,
キャキャオ,,,
田口,,,
ありえへん,五段なのにクソダマと、南場一切れドラ南くそぬるトップ目放銃,,
たけぽん@tkp,,,
めった斬り,高打点両面ダマあり,,
牙狼104,,,
diid,,,
NEWカザマH,,,
bsd_3,,,
阿部,,,
町田商店美味しい,,,
stark,,,
森田哲雄,伏せて３着で3副露発進親番2着と28000ほど差。,,
紅葉狩,,,
フルハウス777,"六段ぬるいね。リーチケアして自分も二副露だからと二副露に白しょんぱい押し。二軒全ツには見合わない。

タメロンマン！
ラス目ソダマ

遅延行為",,
やんぎ,,,
ほしのてつろう,,,
Vbgdf,,,
sorucano,,,
Kingpin,,,
violeTM,,,
EIJee,"第一打先切り
からの赤5引いて入れ替えの第一打と同じ8s手出し
チャンタかなり見てた手組だった。手出し多いと手役率は高まるよね",,
名ナシ,,,
かずきかずき,,,
マタギ,,,
セイジ,,,
ミカパパママ,,,
やまだたろう,,,
rinjan,,,
MIZUGUCH,,,
みゃーちゃん,,,
jk1968,,,
優歩,,,
【TM】,,,
Tak1984,,,
偏執的文学狂想曲,,,
nari1253,,,
だいあん,,,
カヴァレリッツォ,,,
oxy13,,,
Skam5963,,,
岡本恭輔,,,
ShinChi,1-4s親番終盤寄りツモ切りリーチ！ツモ切りリーチ両面ある,,
月下論,,,
ちむどんどん？,,,
大樹氷２５％,4ハン両面満貫ダマ26/4/10,,
Elseal,,,
GoodYear,,,
LAVA,,,
激弱博徒,,,
土鍋,,,
裏雀士,,,
BaoZL,,,
テクムセ,,,
R09,鳴き無しボタン多い面前進行派→鳴き少し基準高め！,,
皆蔵トマル,,,
きんたまに咲く花,リーチ率18%、副露率32%（鳳凰卓）,,
馬老C,染め居て別色両面を拒否して役牌シャンポン！,,
伽羅猫,,,
あらぽん,"六段親クソダマトップ目注意！
トップ目結構ダマ",,
ごきげんよう！！,,,
革と皮,,,
なかざわーるどう,,,https://tenhou.net/0/?log=2026051512gm-00a9-0000-bd8669ed&tw=3
Lucy3939,,,
幸村シャーク,,,
びびあん,,,
トェェェェェェイ,,,
sbihina,,,
Steven,,,
指導者の祈り拒絶,,,
Tauca,,,
２０２０ＭＥＮＵ,,,
IQ170,,,
あゆみるみる4,,,
かいじゅう２,,,
ヴァッシュ,,,
jijyun,,,
kousal,,,
Shonan,,,
サカ天和,,,
ベリーショートJ,,,
なぽり2026,,,
satochi-,,,
superint,,,
鳥万,,,
ゆうびんやさん,,,
はいれにゃん,,,
オカルト研究会,,,
天江衣,,,
風林火川,,,
紫,"早タイム地獄字牌単騎、見間違い？　確認でない場合でも麻雀の理解浅いことにはなる。
２軒に急なノータイム赤プッシュ、五段だがやっぱ弱い
タメロン
",,
奈月セナ,結構押しすぎ、親リーにとか、外側とか。,,
笑ってコラえて！,,,
sakura丿,,,
199053,,,
こいきき,,,
Fsight,,,
skybit,,,https://tenhou.net/0/?log=2026052023gm-00a9-0000-7ed76616&tw=1
せんざんこうさん,,,
欧陽,くそダマ満貫、くそ先切り23固定,,
シゲルペペ,,,
清水新吾,,,
SAL,,,
高田馬場,,,
hikaru,,,
Sadou,,,
天然ジイ3,,,
よく分からない,,,
gieron,,,
sabiuu,,,
midoriko,,,
ガルガル,,,
sasimize,,,
tetwo54,,,
kimikoo5,,,
秀③,,,
にっしー,,,
江頭5:73,,,
結城めぐみ,,,
水ラーメン,,,
ケンメイ3534,,,
クルンテープ,,,
minimomo,,,
Moritaxi,,,
とても悲しい,,,
hiro0905,,,
KrlJiKay,,,
akio,,,
ゆーだんだん,,,
amarcome,,,
D.G.,,,
kyonta,,,
ひらもと,,,
かっちゃん,,,
shin5u2,,,
たけのうち,,,
ネパールカレー,,,
ひょうもんたこら,,,
sabakan,,,
Tovenaar,,,
crimson,,,
ぱぱん2,,,
ht-pt,,,
喉頭形成術Ⅴ型,,,
小田時人,,,
わはは,,,
ジャーナリスト魂,,,
M＆I,,,
いちちち,,,
アンディだよ。,,,
Millio,,,
Ds.,,,
yhm,,,
matsu_r,,,
あゆひな68,,,
霜一八,,,
ABCDC,,,
unryu,,,
ひろぼうA1,,,
ryu1110,,,
深海,,,
Toshie,,,
きんぎょすくい,,,
そのまま,,,
小助,,,
変身忍者,,,
ミセスｋ,,,
ABC1234,,,
ユウイチ,,,
HUTO,,,
koda08,,,
hfhgudiw,,,
レオプ－,,,
itsulove,,,
monohon,,,
ここ姫,,,
チーズとクルミ,,,
ゆみん,,,
じぇいそんおずま,,,
isamu713,,,
優良会員・・・２,,,
WKBXW,,,
あさみ丼,,,
ableeee,,,
スーチーホイハン,,,
わああああああい,,,
CSU日麻小高手,,,
Bomzhong,,,
桃李言わざれども,,,
綿雪,,,
Chairman,,,
緑茶。,,,
YZFTZ,,,
暴力ペンギン,,,
Heihei05,,,
球1234,,,
MIRA,,,
yoshipin,,,
kuroo,,,
ROKU,,,
狐千歳,,,
MrIndigo,6ブロッカー寄り。早切り両面3つの両面固定とか半荘中に5回の両面固定で多すぎ。,,
阿夫利,,,
Boyan,,,
sxc258,,,
プロゴルファー8,,,
モリヒロナラ,,,
サチール,,,
Kanayama,,,
こうちゃんnn,,,
DrKanoto,,,
時を駆ける爺,,,
soer,,,
Coffee,,,
markino!,,,
ぴかーる,2切れ間8曲げてた子で,,
s7055,,,
ハルカナイチゴ,,,
140cut,,,
モメンタム,,,
olsn,,,
Drうっちー,,,
イチボ,,,
175S1,,,
フジヤンFT,,,
福瑞,,,
1Mercury,,,
ぼくはガリレオ,,,
waffle07,,,
D5471,,,
変態紳士＠,五段三段目クソダマ,,
ピータン01,,,
茶髪,,,
穴澤妙哉,,,
オール鳩ヶ谷,,,
Alessia,,,
ペンタ,,,https://tenhou.net/0/?log=2026052023gm-00a9-0000-9917503f&tw=1
kokounos,,,
梅さん129,,,
ふぁび2,,,
正氣十足,,,
oliver,特上8段。鳴き無し押しがちでダマとかある。,,
純粋居飛車党,くそダマ満貫,,
たこるん,,,
おうもう,,,
しんせんじにく,,,
いいけん,,,
lsajie,,,
tampopo3,"ラス目くっそダマ。多分他もダマ気味になってる
いつでもクソダマ多い四段
役あり高い時ダマかも！リーチはドラや打点不満かな
ドラシャンポン好きで放銃嫌いっぽい",,
緑の猿人,,,
ぱむぱむ,,,
洪湖,,,
むらしゅー,,,
alice7,,,
Kanako_,,,
やんわり,,,
怯怯,,,
FridaW89,,,
mlicca,,,
怪我の功名,,,
かず坊,,,
掉段皮人,,,
teriri,,,
かなかなカナ？,,,
k2xx,,,
alpha@de,,,
'Chalo',謎モギリー両面、67で789三色手替わり見てた？,,
天江衣@門前打点,,,
厚岸,,,
ponponsn,,,
鳳凰双花紅棍,,,
かネ,,,
sjnmp001,通信遅延マン。ラグみたいなのこの人の捨て牌で起きまくったりする,,
今、急所が埋まる,,,
ざきゆう,,,
田中TNKチリコ,,,
鳥澄珠烏,,,
hayajin6,,,
なかやまくんに君,,,
岬の珊瑚,,,
example,ラグ糞長め？→ラグ長めだとここのラグっぽい？,,
しろてぃー,,,
女騎士の意地,,,
めーーぷる,,,
おっお,ぬるい。くそダマっぽい,,
ルイコスタ,染にも先切り押しできる四段,,
こむぎです。,,,
ヤギっぽいジジイ,,,
さきたま林檎,,,
ライムちゃん,,,
縁浩,,,
シエロクリスタ,,,
suzulove,四段なのに打点手組上手いかも,,
JOJO1985,,,
チチヤス,,,
ぼうちゃん,"ドラションパイオタ風うっかり押し？まあ四段はうっかりよくある
ラフ押し過ぎ。単騎聴牌降りれない
やっぱり結構押しすぎ
和了に向かい過ぎ",,
konmo,きもブクブク？　くそダマ,,
我是高人,,,
shunmoko,,,
Run2,,,
ますださん,,,
地獄西単騎,,,
ふうちゃんパパ,,,
しみしみ,,,
おおはやり,,,
gobougbu,ダブ東3p待ちで押しすぎ、シャンテンから押してる。,,
もってけ泥棒,,,
おりどん,,,
Lorraine,,,
ろぱちょ,単品赤々ダマ。→リーチの愚形率や低打点率が上がる,,
okita,ぬるめ、赤切り1-4とかに一発で,,
maochong,,,
めろんたろん,,,
まるひろ,,,
複雑なワキ毛,タメロン返し、変なダマ一盃口ペンチャン,,https://tenhou.net/0/?log=2026051502gm-00a9-0000-80441f06&tw=0
コンビーフ三郎,,,
黒トリガー,,,
明々星,,,
Maniac,くそダマ。平和ドラ1も,,
rire,,,
9-bay,,,
大理石,,,
アルビノ1121,,,
Mild7,"六段なのに愚形くそダマ間5s。トップ目はトン愚形ダマかも？
トップ目はトン3でも",,
wxlsz,,,
yamatter,,,
ドロテア,,,
志云,,,
太陽海,,,
iron12,ぬるいかな。筋のペンチャンドラ打ち,,
アニカとぼくら,ぬるい。間違った鳴き読みで押しすぎかな？,,
大森人,"くそ愚形三色手替わり待ち。六段なのに
他両面でもくそダマ",,
りゅうパパ,,,
ブチギレリーチ,,,
MiNeO,,,
差し上げます,,,
沼野智樹裕樹直樹,,,
まるーん,,,
51,,,
鈴木だろう,,,
カミナリ,,,
zanshin,,,
mitsurou,,,
Poco,,,
ワザチョン,,,
Doraemon,,,
khanhdz,,,
ハナヒバナ,,,
にょーん,,,
のんびり北から,,,
OVPEリーダー,,,
BIGY,,,
俺麻雀,,,
15cake,,,
若竹_白荷,,,
Apollo6,,,
WIN神,,,
Hellcat,,,
おがわくん,,,
ふろんがーぜっと,,,
かねだ,,,
yurimog,,,
JunKo,,,
鏡の笑顔,,,
funa_,,,
あたらしいおさけ,,,
You-ta,,,
長山犬樹,,,
カピタン,,,
kai.t,,,
pandaaaz,,,
逢坂小溪,,,
ぽんこちゃん。,,,
モイヒャン,,,
2008-RF,,,
ばしゃうま,,,
ざばす,四段くそりー多いかも,,
Pom319,,,
踊らないポカリ,,,
ロヒモトスミ,,,
在宅雀士,,,
QuadCore,,,
お前も舞うか,,,
クリスチャンZ,,,
daijiro,,,
司波深雪,,,
Wingding,,,
Sxx0028,,,
猫ウルフ,,,
カニエ東,,,
ricardo,,,
比嘉秀仁,,,
墨,,,
すせそ,,,
れいじ28425,,,
ミヤシー,,,
ちらちら,,,
メダ活ガチ勢です,,,
AccesS,,,
涅槃ちゃん,,,https://tenhou.net/0/?log=2026052023gm-00a9-0000-9cbf6bc4&tw=3
MASA0226,,,
dfdr,,,
アンメモ,,,
てぃむのすけ,,,
PlayHard,,,
Unbobo,,,
Lilguaro,,,
Abelox,ちょい押しすぎかなt高め2000点で中トイツで降りられるのに,,
てぃーおも,,,
くれーぷちゃん,,,
臥竜,,,
氷乃ハコ@VT,,,
Leontes,,,
ピッチー,,,
okabeshi,,,
ルーリー0208,,,
a20513,,,
JIMMY,,,
mendotti,,,
タコ中のタコ,くそダマ8000両面。仕掛け入ってたからかも。四段,,
なべかつ,五段クソダマ5200愚形,,
奥寺,,,
tacolog,ドラ跨ぎくそ5800ダマ。六段なのにクソダマ,,
メリオ94,,,
ten-ten,,,
IWA3,,,
ゆったり,四段クソダマ,,
とらもんち,,,
namu0820,,,
カルペディエム,,,
これがふさふさ,,,
SIBATA,,,
こみてん,,,
幸せのサチコさん,南2ラス回避のための3着で2000局消化役牌鳴き両面,,
ビビリヘタレ引弱,,,
JPGR,字牌単騎とか字牌待ち好きかも,,
Noris,,,
Nanoah,,,
戀病熱,"五段ぬるい。ダントツトップ目でドラ打ち押し。かなり攻め型かな、押しすぎの
ダマケアも甘い。三段目親手出し跨ぎ筋でも",,
みそ,役無しクソダマ,,
助清,"七段しっかり押し気味
リーチ宣言してから高め三色ある方を少し時間かけた4連からの切りがあった",,
HACO,両面くっそダマ,,
のだめヽ,,,
冬實yuki,,,
ぬまお1,,,
つつつーつつっ,,,
和泉千晶*,,,
Riluto,,,
うぃきるそん,,,
kuromate,,,
キャベツ食い,,,
広がる堂岐,,,
おむりーち,五段クソダマ,,
いちぽむ,四段。19ぬるいかも。外側もぬるめ,,
北区田端,,,
ろんぐすとれんじ,,,
cjx7953,,,
田中摩美々,,,
怠惰の極,,,
ポーちゃん,,,
ponion,,,
にゃしの弟子,五段、ぬるい。門前だった,,
YAYAYA49,四段追っかけ変な単騎。放銃は嫌いそう下手かな。降りるかのポラライズを選べない中途半端損,,
kx,,,
Sachi2,五段クソダマ。トップ争いにかなり損→牽制でダマになる。おまけにぬるめ,,
サラダチキン,,,
スライムの冠,,,
99パー,,,
安全第一即リーチ,,,
K15,,,
夜叉,,,
これぞ麻雀,,,
tikura,,,
windyxx,,,
七水,,,
azuuuu,小三元単騎ぬるいしクソダマ五段,,
ミゲール改,五段ぬるい、というか二軒寄りに押しすぎ,,
かちゃくちゃねぇ,早タイム7m先切りツモ切りの6-9mあった。22388sが入り目っぽい,,
◯所恐怖症,,,
Luc1fer,先切りマン？,,
anyadra,六段親リー急ぎがちペン7m、親カン早すぎビビらせ,,
三元牌の切り順,,,
くらえす,,,
シコシコJP,,,
=雷帝ゼオン=,六段リーチ後めちゃくちゃラグらせる,,
ばろん２９,,,
ボッジ,,,
sakuwo②,,,
kitaha,,,
眞田槐,,,
turtle.,,,
Sahara87,ラス目くっそダマ、だから四段,,
Esure,,,
煌めく春,,,
ぱちぱちばやち,,,
Chacha。,"四段鳴きの押してるところにぬるい
子タンピン赤ドラクソダマ",,
raizou,"五段大明槓張ってなかった。牽制強いと思ってる？
1000点親に2枚押し。
鳴きレンジ広くあまり降りれないのかも！",,
ぐてぃ,,,
初心忘れず,,,
ひなのりく,,,
mabui,,,
でぃあすてぃま,,,
米米男,"タンヤオ愚形クソダマ五段
トップ目両面クソダマ",,
採花賊,,,
vこもv,,,
落合さん,五段。1p暗槓1-4pという変な手牌あったが、寝ぼけ？,,
甜菜麻将娜可,トップ目押しすぎ五段,,
TK社長,,,
夕凪永遠,,,
壁牌,,,
ファーストサマー,,,
【黒曜石】,,,https://tenhou.net/0/?log=2026051518gm-00a9-0000-af4f517e&tw=0
NiNth,,,
黒羽織,,,
プラメモ,,,
おじさん応援団,,,
nigaiki,,,
Sora888,,,
ルテイン,2巡目河薄すぎるリーチは45679間8mだった。早ければ曲げる四段,,
げんぶ,六段怖め仕掛けに5800両面ダマクソダマ,,
ちょっと考えます,一発でも押しすぎマン五段,,
モヒートかげやん,,,
77は92,,,
se@weed,,,
しろこ,先切り中筋ドラがらみ固定だった,,
せんとら2024,,,
借分登天,,,
桶聖,六段第一打で引っ掛けマン！5p切り4-7p黒,,
文化部アニキ,,,
ジークフリード,,,
納豆卵かけご飯,,,
OKC.,,,
北岡くん,,,
ねぎとろです。,,,
gyunxan,四段クソダマ,,
poorR,,,
初音ミク重音テト,,,
Hoooot,,,
恋月夜,,,
"[X,P]=i","トップ目クソダマ四段
結構鳴く",,
BENZENY,,,
白い獅子,,,
モスグリーン@秋,,,
嵐っさあ,,,
Sonata,五段先切りマンかも。手出し三回入った単純両面,,
ヤジロベー,六段クソダマ。子のクソダマもあれば、親満貫両面は結構ダマかも、実際に観測してる,,
ももあおいか,,,
雀男あをによし,七段　打点か待ちが良いリーチ多いよね,,
SONGWEN,"牌効率怪しい？四段
南３トップ目ぬるいハイテイ
",,
守りができない,,,
スディポール,,,
でんでんき,親リーにペンチャン押しすぎ降りれない四段,,
ちゅうげ,五段南1ビハインドなのにリーのみで200点まくり三着リーチ,,
えぎおう,,,
sample33,,,
生理周期スコアラ,,,
二四田,,,
イエッサン,四段クソダマ,,
AZ丼,"四段3p5mと切り出しドラ1ペンチャン。良形手組に難ありなので愚形率増える
",,
かもめメトロ,,,
ほそだるま１１１,"五段ダブ東だけでクソダマ
リーチ入っててもクソダマプッシュ寄りになる。",,
un1queue,六段。ドラ切り早いなー,,
namake05,,,
banpapa,,,
ソピテル,,,
重ねた脂肪加速,,,
MartenTT,,,
神仙酵素,,,
ちぃうし,,,
c.c-v.v,六段リーチケアで仕掛けにぬるめ,,
aki-na22,,,
144514,,,
万事屋有ちゃん,,,
トガヒミコ,,,
Tak-e,,,
玉米大王,,,
弥海砂,,,
追憶の庭,,,
こーへい。,,,
sebukich,四段クソダマ,,
TacoYaki,,,
アマゾン川,,,
有栖槙,,,
ちゃかちゃか,,,
これが答えだ,,,
こころのせんせい,,,
卓上のチワワ,,,
kurinobu,,,
ミスターナイス,五段クソダマ,,
xbking,,,
旭日天尊,,,
兔子,,,
つかぞう３,,,
shuboss,四段クソダマ,,
暴走牌ver2,,,
しまおーー,,,
におさとる,,,
鈴木一浪,四段中筋単騎あった,,
是政の夕陽,"七段不満取りダマ→リーチ良形率高め！
クソダマ多いので、リーチ強めかも",,
fog1ess,"無駄に役牌絞って放銃避けそう
つまり下家の時に牽制効く",,
にがトマトマト,,,
鉄人サダ,,,
上がり3ハロン,,,
桐満雀路,,,
muri,,,
ぽんた丸！,七段ドラポンに最終盤間4p勇敢リーチ,,
STF,"六段。打牌全部遅い
ラグも長いので相対長さで絞れるかも",,
likeaxe,,,
slime81,,,
あまいゆびさき,,,
JunkDog,,,
麻雀脳ゼロ,,,
Ratel,,,
tomokich,,,
ヘロヘロ,四段5200愚形ダマ,,
タケ1115,,,
へるしぃ,,,
ピースサマー,,,
－口－,トン発2飜積極鳴き五段,,
takion29,,,
バシ,,,
ダマテンアンチ君,,,
Koba9,,,
宗R,,,
mm2020,,,
ポージー,,,
tlkklt,,,
utsu5,,,
Seic,,,
あいぎすれ,,,
Restist,五段愚形リーチ発声打牌早かった,,
クリーク！,,,
らーめんデブ,,,
嶺上_天晴,六段。リーチケアで現物ぬるくなる,,
びごップ,,,
うけながしません,,,
sato51,,,
手なりタイガーφ,"六段トップ目南2親番平和のみダマ
7700両面ダマ",,
IceCocoa,,,
高曼.姆魯帝,五段クソダマ平和のみ。北のみ。一半荘に２回観測,,
Acmecrea,,,
post12,,,
daibon,,,
大正ロマソ,,,
あつやん。,ツモ切りリーチは,,
ジャパンカップ,ツモ切り引っ掛けリーチ！五段,,
hoija,両面満貫はダマ四段　クソダマ,,
おおてつ,2445を42切りマン六段→七段,,
-399pt,,,
（（仮））,,,
開点,,,
母いすゞ,四段クソダマ。結構なクソダマ,,
遠野なぎこ,,,
期待値くん,,,
まるぴょ,,,https://tenhou.net/0/?log=2026051715gm-00a9-0000-92e1941f&tw=0
SilenT,,,
本緑,,,
kino98,5飜両面ダマ,,
harddays,"リーチタンヤオ27シャンポン一巡後ツモ切りリーチ
次ペン3ツモ切りリーチ
待ち悪い挙動",,
t-jdmkbn,単品赤ドラ子ダマ。少し連帯志向,,
to22,,,
ebanc,,,
オードウィン,"即リーマンかも？六段
待ち悪くても曲げてるかも、字牌とかで",,
四目,,,
そらいぬ,四段。くっつきシャンテンで3~7切り安牌残しオーラスで！,,
ごはん太,,,
まぁがりん,,,
ゆで野菜01,結構迷ってポン対々和,,
at812626,四段リーチにもぬるめ,,
湘南桜もち,,,
玄紀,,,
邪気Power,五段クソダマ,,
Danya,四段クソダマ,,
アニサキスけすけ,,,
4636,五段多分ラス目南1でも押しすぎ,,
なまくら武士,,,
BBです。,五段トップ目ダマ,,
ヘリウム13,,,
かおす,,,
かんごし,五段ラグも打牌も遅いかな,,
水野,,,
ゴゴグレフル,,,
アラサーだよ!!,,,
センリツTV,,,
zhonghai,,,
Ryan158,,,
流浪剣士,,,
猫の木,,,
GGGGZZZZ,,,
ひぐちっく,,,
1人セゾン,五段見合わないリーのみ間4,,
128gb,鳴いて押しすぎ五段,,
転生沢崎,,,
ティーダ,,,
哈哈哈哈哈哈里斯,,,
かっさいひろか,,,
imoyama,,,
AKAMOTI,,,
n675,,,
Didi,,,
フレーゲデパルト,"三面の時、リーチも宣言牌も早かった五段
両面よりドラカンチャン？",,
Crespo,五段謎ツモ切りリーチは愚形だった,,
kunim,第一打字牌ねつ式六段,,
DeL,,,
tpk2,,,
hazetaro,,,
白身魚フライ,,,
masahiko,,,
μ岩瀬.,,,
ゆるねる,,,
kirsuke,四段早いリーチは2回とも良形だった,,
ハルキ,,,
青CHAN,四段ぬるい,,
３人目のニック,四段113からの間2あった,,
運ゲーだ気にすな,,,
らみとん,,,
37悠一,,,
ウォルロット,,,
ウル一ジ,,,
kino25,,,
ゑ,,,
スクナヒコナ,,,
ゴッドバード,,,
弦巻ココロ,,,
ぷんまる,,,
lazy0417,,,
Arthas,"五段かなり鳴くイメージ
打牌早い傾向",,
にしかた,,,
赤坂テンパイ,,,
ベイの里,,,
勝ち確リーチ,,,
xixiang,,,
魯灰灰,,,
18ru,,,
かっぱ００８,"六段親で、リーチ入っててクソダマ両面×2
→先制リーチ有効",,
いいんちょさん,,,
某茄子15,五段攻め型ぬるめかな,,
山本カンスケ,,,
TEN931,,,
丸,,,
伊達もも,,,
園田流牌手,,,
ダ・カーポ,,,
ぽむ太郎,,,
ぷる焼き,,,
池ちゃん1959,,,
CHAOS,,,
RinChan,,,
リーチ野郎,,,
nliya,ビハインド東4南1でも結構鳴く。五段,,
すーやん1212,四段タンピン赤ドラダマ,,
ぶちぶちた,,,
どらっか～,,,
ヴァうたろ,,,
タティーノ,五段三色見た？両面固定後ターツ落としリーチ！親番,,
FIF50,"四段恐れクソダマ
",,
太平年,,,
Y5asas,"四段手詰まり端っこぬるし
外側ドラとかもぬるめ
",,
守村桜弥,,,
福岡的拉電,,,
黒桐,,,
みかんはら,,,
ヒトキン,,,
ほのひと,四段ぬるすぎ？,,
オルターエゴ,,,
グリコシュウ,,,
Suzu,,,
マルワンワン,,,
おろちぽっぽ,,,
まいびょん,染居ても染色間4ドラ1リーチ。染め色の赤持ってたからかも五段,,
ひつこいんだ,"六段なんか変な待ち傾向が多いかも回ってるのかな
勝手に期待値損してるから基本気にしない寄り
ブロックである程度絞れて、先切りには少し注意くらい",,
いじちせいか,,,
メロメ,,,
天利愛莉,,,
gretto55,,,
水瓶座,,,
三五六八,,,
杣径,,,
かねーき,五段早い巡目間7単独でクソダマ,,
博覧強記,,,
ジュンタカ,,,
rizzete,,,
metis123,,,
つきかげのやいば,,,
ナポp,,,
岩上会,,,
エセ稲葉,,,
たぬたぬ,,,
LINGERIE,,,
DOTAMA,,,
辺さん,,,
1m1p1s,,,
mercy,,,
88番,四段二段目安牌字牌持ち両面固定,,
soldier6,,,
#kai,,,
ミナミ☆,四段ノベタンクソダマ,,
余計,,,
A-Eye1.0,,,
ビターキャラメル,"2着でラス分断のために細かくあがるタイプ六段
トップ目ではありがたい
トップ貪欲ではないかも。和了価値かなり見る鳴きタイプ",,
igeeeeee,,,
kodoOji,,,
シスキン,五段一盃口カンチャンクソダマ。リーチ入ってた,,
ヒナマコ,,,
AQQds,,,
KKKT,,,
いっくんK,五段染ケア甘すぎかな。三副露でも,,
ゆあです,,,
kizmetal,,,
泉志帆,,,
LJ657,,,
ベたなま,,,
コペルニックス,,,
おしりさうるす,,,
しょうゆ〆,,,
しゅうー。改,,,
犬飼こむぎ,,,
ROUTE*66,"四段先制でも平和のみはダマ！
他3900クソ玉",,
晨昏對峙,七段鳴いて押しすぎ,,
エレベータライン,四段トップ目クソダマ,,
りゅりゅし,,,
k_rod25,,,
しんな,,,
HEAD-Ⅱ,五段鳴きにドラ先切りマン,,
ベンゼマさん,,,
2階のこども部屋,,,
諾門,,,
東のみでんな,,,
@GANE,四段親にも押しすぎラス目南1,,
バイブ天狗,,,
正斯特確確,四段攻め型ぬるめ,,
_たかはつ,,,
豆大福^^,,,
鬼人正邪,,,
立即七対表表裏裏,,,
Sense,,,
Kotarooo,,,
FL,,,
seastory,,,
wakasako,六段ポンされてる牌とはいえ455を5シャンポン待ちにしてた変わった打ち手,,
雀竹,,,
Kyron1,,,
ちゃんひきぞう,,,https://tenhou.net/0/?log=2026051319gm-00a9-0000-b5889049&tw=0
TAROBOO,,,
ププリン,,,
偽預言者,"五段タメロン
まあまあトップ目4万点超えはダマテン多用",,
ききっぺ,,,
たかし1121,,,
サドちゃん,,,
たかしんのすけ,,,
DIBT,,,
陰キャラ@配信,,,
ワンクライム,,,
ナリタブライアン,,,
まっちゃんTV,,,
ミストラル★,,,
taruho,,,
ぺー太,,,
石関絢子,,,
H1karu,,,
Landary,,,
レイホウ,,,
セルマネロ,,,
h123,四段押しすぎ,,
wes14,,,
musa10,,,
セルポ,五段親両面7700クソダマ東発！ドラトイツ亜両面待ち,,
酸麓煮,,,
つちもうす,,,
cae,"五段二軒に鳴き押し19牌ぬるい
一発消しマン？",,
KY0SAYA,,,
yo-idonn,,,
マサル0101,,,
サムライ森山,,,
Ponzyrx,,,
夏夏至,,,
河底ペンギン,,,
竹信丸,五段ラス目だと東4安手でかなり押しすぎ,,
しんじろう,,,
麻雀ごめんね。,,,
Benedito,,,
ktn,,,
HISHI,,,
荒野の牛泥棒,,,
立花明明子,,,
のすのすの,,,
爆裂口リータ,,,
『ヨスガノソラ』,,,
棚科,,,
GHOST,八段東4まだ段ラスでない親番暗刻ヘッドレス好形イーシャンテンからはリーのみでも鬼押す！！押しすぎ,,
ちよすけ,,,
暗黒疾風龍王丸,,,https://tenhou.net/0/?log=2026052115gm-00a9-0000-0ca21efc&tw=3
Tabasco,,,
淳子です,,,
たかな,,,
ヒカル,,,
kiey,,,https://tenhou.net/0/?log=2026051522gm-00a9-0000-18ca4473&tw=1
一个二毫半,,,
うなぎ麺,,,
十ハクア十,,,https://tenhou.net/0/?log=2026051716gm-00a9-0000-2d09788d&tw=1
むし歯,"九段7p5s7巡目曲げ
早いリーチリーのみペン7もあった。即リー寄りで愚形率高め！
の癖にチートイ1pダマ南1微差3着目",,https://tenhou.net/0/?log=2026051501gm-00a9-0000-5d2de212&tw=0
Che,,,
Tatsuno7,,,
かなきー,,,
夏蔭,,,
ピンサロ店員,,,
豊臣軍陸,,,
Jow-Z,,,
ロロの環,七段結構押すかも？よく鳴く,,https://tenhou.net/0/?log=2026051923gm-00a9-0000-a8ee2dd6&tw=2
はたゆう,,,
河童のワカマツ,,,
加治木由美,,,
Cr7,,,https://tenhou.net/0/?log=2026052023gm-00a9-0000-7ed76616&tw=1
あかりろん,,,https://tenhou.net/0/?log=2026051715gm-00a9-0000-92e1941f&tw=0
えりんぼぱぱ,,,https://tenhou.net/0/?log=2026051501gm-00a9-0000-59ec5a74&tw=3
koronron,,,
アンディ3,,,
AOWU,,,
MOMOGURA,,,
【メタラー】,,,
あすあす3,"七段三段目ダマ
リーチ率低めよね",,https://tenhou.net/0/?log=2026051612gm-00a9-0000-73168b61&tw=1
アリアンロード,"八段ワンチャンス9pドラぬるかったな　8p切りリーチに
親満貫両面ダマ！染ケアに対し別色で二段目終盤",,https://tenhou.net/0/?log=2026051502gm-00a9-0000-80441f06&tw=0
ふーいん,,,https://tenhou.net/0/?log=2026051512gm-00a9-0000-bd8669ed&tw=3
suzusinn,,,https://tenhou.net/0/?log=2026051521gm-00a9-0000-48c8fab5&tw=0
Monascus,,,
こず,,,https://tenhou.net/0/?log=2026051419gm-00a9-0000-5b1e8b91&tw=3
軽量鉄骨,,,
メタルはまっち☆,,,
沼袋亭野方,,,
しんじょ,,,
yf05,,,
MACOTO,,,
おがこーさん,,,
renji83,,,
八島唯,,,
-愛宕絹恵-,七段南場クソダマあり！リーチならトップ狙えるが,,
ひぐち,,,
白蛇のナーガ,,,
Fatberg,,,https://tenhou.net/0/?log=2026052115gm-00a9-0000-0ca21efc&tw=3
はしもとかんにゃ,,,
赤林しげる,,,
とぅももも,,,
結局は薬局,七段早い3～7リーチ間7sだった,,
kokou,,,
みかあん,,,
お芋屋さん,,,https://tenhou.net/0/?log=2026051923gm-00a9-0000-a8ee2dd6&tw=2
遥かな火星へ,,,
アジーン,,,
noken,七段両面クソダマ。ラス回避強く見る,,
オフショアガール,,,
J0ker,,,https://tenhou.net/0/?log=2026051318gm-00a9-0000-14aca989&tw=0
エルタンケ打て！,,,
TOKJO通信,七段怒りの一発放銃タイプ。鳴きまくって降りられない,,
Horiboy,,,
プーリーくん,,,
1ta,"七段ドラ単チートイクソダマ東3
ひより麻雀
さらにクソダマまあまあ",,
はるか！春を呼ぶ,,,
光の旋律,,,
川瀬智子,,,https://tenhou.net/0/?log=2026051318gm-00a9-0000-14aca989&tw=0
牌流定石最高,,,https://tenhou.net/0/?log=2026051318gm-00a9-0000-14aca989&tw=0
settei,,,https://tenhou.net/0/?log=2026051319gm-00a9-0000-b5889049&tw=0
しゅーくりーム,,,https://tenhou.net/0/?log=2026051413gm-00a9-0000-12b85f50&tw=2
リュウパパ,七段先切り愚形ひっかけあったぞ,,https://tenhou.net/0/?log=2026051413gm-00a9-0000-12b85f50&tw=2
こだわりパジャマ,,,https://tenhou.net/0/?log=2026051413gm-00a9-0000-12b85f50&tw=2
まとた,,,https://tenhou.net/0/?log=2026051414gm-00a9-0000-cd718109&tw=3
タマネギ,,,https://tenhou.net/0/?log=2026051414gm-00a9-0000-cd718109&tw=3
まえた,,,https://tenhou.net/0/?log=2026051414gm-00a9-0000-6e70c528&tw=1
TeraP,,,https://tenhou.net/0/?log=2026051414gm-00a9-0000-6e70c528&tw=1
耕すマシン,,,https://tenhou.net/0/?log=2026051414gm-00a9-0000-6e70c528&tw=1
狭間さん,,,https://tenhou.net/0/?log=2026051419gm-00a9-0000-5b1e8b91&tw=3
香椎侑志,,,https://tenhou.net/0/?log=2026051420gm-00a9-0000-5ff0593d&tw=2
makit123,,,https://tenhou.net/0/?log=2026051420gm-00a9-0000-5ff0593d&tw=2
ATG9,,,https://tenhou.net/0/?log=2026051420gm-00a9-0000-5ff0593d&tw=2
テリー,,,https://tenhou.net/0/?log=2026051501gm-00a9-0000-59ec5a74&tw=3
伊東少輔,,,https://tenhou.net/0/?log=2026051501gm-00a9-0000-59ec5a74&tw=3
お知らせ,,,https://tenhou.net/0/?log=2026051501gm-00a9-0000-5d2de212&tw=0
dcsyhi,,,https://tenhou.net/0/?log=2026051502gm-00a9-0000-80441f06&tw=0
姜,八段わざわざ鳴きで染でなく愚形であたったらしっかりドラ3だった,,https://tenhou.net/0/?log=2026051512gm-00a9-0000-bd8669ed&tw=3
赤美濃まぐろ,,,https://tenhou.net/0/?log=2026051512gm-00a9-0000-bf27d4c7&tw=3
SlowStep,,,https://tenhou.net/0/?log=2026051512gm-00a9-0000-bf27d4c7&tw=3
地味眼鏡きょにう,,,https://tenhou.net/0/?log=2026051512gm-00a9-0000-bf27d4c7&tw=3
たくぞぅ,七段リーチ率低いしクソダマ寄り,,https://tenhou.net/0/?log=2026051517gm-00a9-0000-860ee633&tw=0
こたらぴむ。,,,https://tenhou.net/0/?log=2026051517gm-00a9-0000-860ee633&tw=0
麺屋真島,,,https://tenhou.net/0/?log=2026051517gm-00a9-0000-860ee633&tw=0
爆轟,,,https://tenhou.net/0/?log=2026051518gm-00a9-0000-af4f517e&tw=0
柚那,,,https://tenhou.net/0/?log=2026051518gm-00a9-0000-af4f517e&tw=0
toiro,七段安くて遠めの仕掛けも頑張る。平場で,,https://tenhou.net/0/?log=2026051518gm-00a9-0000-065a93e0&tw=0
Grinsky,七段聴牌料プッシュ。ハイテイ前だった,,https://tenhou.net/0/?log=2026051518gm-00a9-0000-065a93e0&tw=0
迷失星云,,,https://tenhou.net/0/?log=2026051518gm-00a9-0000-065a93e0&tw=0
結果論雀士,,,https://tenhou.net/0/?log=2026051519gm-00a9-0000-ddf4eddb&tw=0
主婦とし子,七段ションパイ役牌孤立結構終盤まで持ってるかも,,https://tenhou.net/0/?log=2026051519gm-00a9-0000-ddf4eddb&tw=0
20030719,,,https://tenhou.net/0/?log=2026051521gm-00a9-0000-48c8fab5&tw=0
新子望,,,https://tenhou.net/0/?log=2026051521gm-00a9-0000-48c8fab5&tw=0
グリン,,,https://tenhou.net/0/?log=2026051522gm-00a9-0000-18ca4473&tw=1
katerina,,,https://tenhou.net/0/?log=2026051523gm-00a9-0000-473fe7c6&tw=3
ぽっけさん,九段2000の鳴き愚形もする。中盤レンジ広め,,https://tenhou.net/0/?log=2026051523gm-00a9-0000-473fe7c6&tw=3
かなしほ,,,https://tenhou.net/0/?log=2026051523gm-00a9-0000-473fe7c6&tw=3
受け入れ重視,,,https://tenhou.net/0/?log=2026051523gm-00a9-0000-f77caf48&tw=0
運で勝つ,,,https://tenhou.net/0/?log=2026051523gm-00a9-0000-f77caf48&tw=0
ぽん吉,,,https://tenhou.net/0/?log=2026051523gm-00a9-0000-f77caf48&tw=0
関注優衣先輩にゃ,,,https://tenhou.net/0/?log=2026051600gm-00a9-0000-e06303e3&tw=3
mmjangki,"七段リーのみ愚形追っかけモギリーペン7
即リー寄り",,https://tenhou.net/0/?log=2026051600gm-00a9-0000-e06303e3&tw=3
ハズレ,,,https://tenhou.net/0/?log=2026051600gm-00a9-0000-e06303e3&tw=3
らぎ姉,,,https://tenhou.net/0/?log=2026051612gm-00a9-0000-73168b61&tw=1
桐崎千棘,,,https://tenhou.net/0/?log=2026051612gm-00a9-0000-73168b61&tw=1
theta=,,,https://tenhou.net/0/?log=2026051612gm-00a9-0000-c4e2d38e&tw=1
赤座あかりEX,,,https://tenhou.net/0/?log=2026051716gm-00a9-0000-094dc356&tw=3
ごろ聖,,,https://tenhou.net/0/?log=2026051716gm-00a9-0000-094dc356&tw=3
りのまる,,,https://tenhou.net/0/?log=2026051716gm-00a9-0000-2d09788d&tw=1
上頭呆,,,https://tenhou.net/0/?log=2026051717gm-00a9-0000-8b48e1e4&tw=1
そして坂本は..,,,https://tenhou.net/0/?log=2026051922gm-00a9-0000-98153bd4&tw=2
桜島麻衣,,,https://tenhou.net/0/?log=2026051922gm-00a9-0000-98153bd4&tw=2
ufo_,,,https://tenhou.net/0/?log=2026051922gm-00a9-0000-ace859bc&tw=0
Navitas,,,https://tenhou.net/0/?log=2026051922gm-00a9-0000-71602384&tw=3
YamaYaa,七段345577からの6とか、かなりレンジ狭い仕掛けを二段目からしてくる！,,https://tenhou.net/0/?log=2026051922gm-00a9-0000-71602384&tw=3
bisiren,,,https://tenhou.net/0/?log=2026051923gm-00a9-0000-a8ee2dd6&tw=2
ハガタカのえじき,,,https://tenhou.net/0/?log=2026052000gm-00a9-0000-c5b6c6bd&tw=3
S.yara,,,https://tenhou.net/0/?log=2026052000gm-00a9-0000-c5b6c6bd&tw=3
Halfs,,,https://tenhou.net/0/?log=2026052000gm-00a9-0000-f0de460f&tw=1
迷わず押せよ,,,https://tenhou.net/0/?log=2026052000gm-00a9-0000-f0de460f&tw=1
mymeloXX,,,https://tenhou.net/0/?log=2026052022gm-00a9-0000-17c85c46&tw=1
rebound,,,https://tenhou.net/0/?log=2026052022gm-00a9-0000-17c85c46&tw=1
きむらさん,,,https://tenhou.net/0/?log=2026052022gm-00a9-0000-17c85c46&tw=1
若葉ともり,,,https://tenhou.net/0/?log=2026052023gm-00a9-0000-7ed76616&tw=1
SJドリブンズ,,,https://tenhou.net/0/?log=2026052023gm-00a9-0000-9917503f&tw=1
ぽん助,,,https://tenhou.net/0/?log=2026052023gm-00a9-0000-9917503f&tw=1
たがやす,,,https://tenhou.net/0/?log=2026052023gm-00a9-0000-9cbf6bc4&tw=3
たかはしぃぃぃ,,,https://tenhou.net/0/?log=2026052115gm-00a9-0000-627a47cd&tw=0
ミッチー39,,,https://tenhou.net/0/?log=2026052115gm-00a9-0000-627a47cd&tw=0
皮神ddd,,,https://tenhou.net/0/?log=2026052115gm-00a9-0000-0ca21efc&tw=3
たまもやん,,,
こたつアイス,,,
カラ松,,,
ハイパー藤波,,,
怪しすぎるチー,,,
せーすいMFR,,,
ボイロ将棋部員,,,
tacos,,,
いーはん,"七段両面5200ダマとか結構する
→リーチは打点足りない？",,
エムバペ,,,
つきさん？,,,
明星市民,,,
Kota816,七段門前型。リーチレンジは狭くはない。,,
takuaka,,,
Aenbharr,,,
九紋龍史進,,,
不遜な氷菓,,,
chxff,,,
とっとー,,,
木子之元,,,
シカコ,,,
神仙酵母,,,
そんし様,,,
天苛武葬,,,
＼(＾o＾)／★,,,
裏の主将,七段染め打点よりも和了率重視妥協寄り！,,
てんくう,,,
ElleAir,,,
赤ポックル,,,
伊達ありさ,,,
Den,,,
M本,,,
ネフティスたそ,,,
亜月,九段三段目七対子9m単騎ダマ。リスク回避強めかも？リーチ率的にも,,
王小花,,,
hqyzfufu,,,
よぴ,七段リーチ率低いクソダマ寄り。悪い待ち役ありダマかな	3900でもそうだった,,
はいてんぼー,,,
中尾,七段手替わり多くても親即リー寄り！,,
しゃばでぃ,七段平和のみクソダマ,,
あまひろver2,,,
MJちゅんしゃー,,,
菅田将暉(偽物),,,
甘夏みかん,,,
ゆーFE,,,
juniino,,,
