player_name,n,room_class_main,room_class_main_n,shanten_bins,spearman_shanten_vs_thinking_s,spearman_shanten_vs_log1p_thinking_s,pearson_shanten_vs_log1p_thinking_s,thinking_median_s,thinking_mean_s,thinking_p90_s,median_s_slope_per_shanten,median_s_range_across_shanten,median_s_cv_across_shanten,near_ready_delta_s,n_by_shanten_json,median_s_by_shanten_json,p90_s_by_shanten_json,hanchan_count,hanchan_room_class_main,hanchan_room_class_main_n,table_affiliation,hanchan_room_class_counts_json
s6u,29728,,13732,5,0.1939718418604747,0.1939718418604747,0.1516391086223733,2.0699505,2.8919631098627554,6.022090899999999,0.17110859999999983,1.526205,0.27515505215805236,0.43634799999999974,"{""0"": 5347, ""1"": 8875, ""2"": 9032, ""3"": 4987, ""4"": 1487}","{""0"": 0.936, ""1"": 2.462, ""2"": 2.328, ""3"": 2.058, ""4"": 1.993}","{""0"": 4.101, ""1"": 7.031, ""2"": 6.323, ""3"": 5.175, ""4"": 4.723}",415,特上卓,163,特上卓 (163/415半荘),"{""不明"": 178, ""特上卓"": 163, ""鳳凰卓"": 74}"
パシフィック,1164,上級卓,630,5,0.12175315775206523,0.12175315775206523,0.11268093753116354,2.506127,3.4388509226804125,6.7048676,0.39631034999999964,1.6886324999999998,0.22159373208991057,-0.7901409999999993,"{""0"": 68, ""1"": 248, ""2"": 384, ""3"": 329, ""4"": 135}","{""0"": 1.772, ""1"": 2.467, ""2"": 2.38, ""3"": 3.052, ""4"": 3.461}","{""0"": 5.363, ""1"": 6.958, ""2"": 6.633, ""3"": 6.691, ""4"": 12.258}",68,一般卓,35,一般卓 (35/68半荘),"{""一般卓"": 35, ""上級卓"": 29, ""不明"": 4}"
NoName,558,上級卓,386,5,-0.31473641686793563,-0.31473641686793563,-0.3446070230731684,1.918141,2.259356390681004,4.6491002,-0.21780055000000012,1.5140945,0.29524830309814243,1.1508314999999998,"{""0"": 57, ""1"": 150, ""2"": 145, ""3"": 132, ""4"": 74}","{""0"": 1.59, ""1"": 2.409, ""2"": 2.015, ""3"": 1.621, ""4"": 0.895}","{""0"": 3.614, ""1"": 6.205, ""2"": 4.482, ""3"": 3.427, ""4"": 2.883}",32,一般卓,16,一般卓 (16/32半荘),"{""一般卓"": 16, ""上級卓"": 15, ""不明"": 1}"
lsajie,187,特上卓,187,5,0.07493972140475084,0.07493972140475084,0.058298077816981,2.064629,2.345420663101604,3.8104724000000005,-0.01357865000000036,0.4240449999999998,0.07813224305107148,0.31670175,"{""0"": 49, ""1"": 54, ""2"": 45, ""3"": 32, ""4"": 7}","{""0"": 1.833, ""1"": 2.257, ""2"": 2.159, ""3"": 1.974, ""4"": 1.906}","{""0"": 3.856, ""1"": 4.408, ""2"": 3.813, ""3"": 2.868, ""4"": 2.748}",1,特上卓,1,特上卓 (1/1半荘),"{""特上卓"": 1}"
tampopo3,183,特上卓,183,5,0.10486777058079363,0.10486777058079363,0.0350108922476475,2.868326,3.6108063551912566,6.863580400000001,0.11440914999999993,1.1721719999999998,0.14844689767164426,0.2621104999999999,"{""0"": 45, ""1"": 53, ""2"": 51, ""3"": 26, ""4"": 8}","{""0"": 2.016, ""1"": 3.037, ""2"": 3.188, ""3"": 2.885, ""4"": 2.664}","{""0"": 6.548, ""1"": 7.532, ""2"": 6.552, ""3"": 5.418, ""4"": 4.366}",2,特上卓,1,特上卓 (1/2半荘),"{""不明"": 1, ""特上卓"": 1}"
Kanako_,181,特上卓,181,5,0.37324261282487764,0.37324261282487764,0.274239337919392,2.244571,2.4696182486187843,3.5889070000000003,0.2689343,1.4540115,0.24445948326531733,-0.1028800000000003,"{""0"": 48, ""1"": 41, ""2"": 60, ""3"": 23, ""4"": 9}","{""0"": 1.121, ""1"": 2.257, ""2"": 2.575, ""3"": 2.251, ""4"": 2.469}","{""0"": 3.199, ""1"": 4.952, ""2"": 3.649, ""3"": 2.895, ""4"": 2.804}",2,特上卓,1,特上卓 (1/2半荘),"{""不明"": 1, ""特上卓"": 1}"
いいけん,181,特上卓,181,5,0.005626855342418897,0.005626855342418897,-0.03988765258102982,1.67523,2.219152856353591,4.088024,-0.002299000000000254,0.42921699999999996,0.08352011899714014,0.27839824999999996,"{""0"": 47, ""1"": 33, ""2"": 57, ""3"": 30, ""4"": 14}","{""0"": 1.522, ""1"": 1.951, ""2"": 1.683, ""3"": 1.719, ""4"": 1.626}","{""0"": 4.36, ""1"": 4.589, ""2"": 4.194, ""3"": 3.124, ""4"": 2.23}",1,特上卓,1,特上卓 (1/1半荘),"{""特上卓"": 1}"
怯怯,181,特上卓,181,5,0.1646516919366055,0.1646516919366055,0.09972625835000401,2.2601370000000003,2.775680745856353,5.333443,-0.05638574999999995,1.0075805000000002,0.18560312341754293,0.7377890000000003,"{""0"": 52, ""1"": 60, ""2"": 51, ""3"": 10, ""4"": 8}","{""0"": 1.691, ""1"": 2.651, ""2"": 2.387, ""3"": 2.183, ""4"": 1.643}","{""0"": 4.538, ""1"": 5.757, ""2"": 3.994, ""3"": 4.968, ""4"": 2.694}",1,特上卓,1,特上卓 (1/1半荘),"{""特上卓"": 1}"
FridaW89,179,特上卓,179,5,-0.030846196387642407,-0.030846196387642407,0.017992271197641675,2.083115,2.322541653631285,3.2851366000000004,0.16695509999999986,1.2976885,0.24830299783969204,0.3098795000000001,"{""0"": 26, ""1"": 49, ""2"": 62, ""3"": 28, ""4"": 14}","{""0"": 0.966, ""1"": 2.264, ""2"": 2.149, ""3"": 1.95, ""4"": 1.958}","{""0"": 3.681, ""1"": 4.056, ""2"": 3.26, ""3"": 2.498, ""4"": 2.862}",2,特上卓,1,特上卓 (1/2半荘),"{""不明"": 1, ""特上卓"": 1}"
Tak1984,164,特上卓,164,5,-0.1622445241024495,-0.1622445241024495,-0.15829138301813658,2.2664204999999997,3.161039762195122,6.832680600000005,-0.1420326500000001,1.5836125,0.27141676257850345,1.37424525,"{""0"": 21, ""1"": 76, ""2"": 50, ""3"": 14, ""4"": 3}","{""0"": 1.736, ""1"": 2.983, ""2"": 1.922, ""3"": 1.399, ""4"": 1.818}","{""0"": 8.454, ""1"": 7.813, ""2"": 5.052, ""3"": 2.706, ""4"": 1.864}",1,特上卓,1,特上卓 (1/1半荘),"{""特上卓"": 1}"
【TM】,159,特上卓,159,5,-0.0008014018406448634,-0.0008014018406448634,0.026253184458108147,2.0321510000000003,2.332070767295597,3.5614214000000013,0.15978254999999977,1.0330485,0.18112736933899196,0.12353449999999988,"{""0"": 22, ""1"": 48, ""2"": 45, ""3"": 37, ""4"": 7}","{""0"": 1.431, ""1"": 2.243, ""2"": 2.06, ""3"": 1.774, ""4"": 2.464}","{""0"": 3.203, ""1"": 4.243, ""2"": 3.445, ""3"": 3.251, ""4"": 2.891}",1,特上卓,1,特上卓 (1/1半荘),"{""特上卓"": 1}"
優歩,156,特上卓,156,5,0.189092489795847,0.189092489795847,0.19046034686422447,2.4179455,2.7887559679487177,4.8827475,0.25803729999999986,1.7395335000000003,0.25869671897407903,0.040449499999999805,"{""0"": 18, ""1"": 49, ""2"": 49, ""3"": 33, ""4"": 7}","{""0"": 1.153, ""1"": 2.48, ""2"": 2.892, ""3"": 2.392, ""4"": 2.487}","{""0"": 2.082, ""1"": 4.596, ""2"": 5.437, ""3"": 4.917, ""4"": 3.098}",1,特上卓,1,特上卓 (1/1半荘),"{""特上卓"": 1}"
MIRA,128,特上卓,128,5,0.11465748590376604,0.11465748590376604,0.04545332006709966,1.8489305,2.3071095078125,3.604931599999999,0.039173899999999935,1.5278739999999997,0.31065337309505314,0.8681749999999995,"{""0"": 20, ""1"": 55, ""2"": 36, ""3"": 13, ""4"": 4}","{""0"": 0.848, ""1"": 2.376, ""2"": 1.906, ""3"": 1.567, ""4"": 1.449}","{""0"": 1.541, ""1"": 5.515, ""2"": 2.684, ""3"": 2.748, ""4"": 1.541}",1,特上卓,1,特上卓 (1/1半荘),"{""特上卓"": 1}"
ROKU,128,特上卓,128,5,-0.01993242114747407,-0.01993242114747407,0.05534661570765353,1.7409459999999999,1.9707803359375,3.1413036999999995,-0.011454450000000343,0.4798959999999999,0.11549328037853969,0.32867400000000013,"{""0"": 20, ""1"": 35, ""2"": 47, ""3"": 16, ""4"": 10}","{""0"": 1.449, ""1"": 1.9, ""2"": 1.929, ""3"": 1.602, ""4"": 1.54}","{""0"": 1.873, ""1"": 3.385, ""2"": 4.117, ""3"": 1.771, ""4"": 1.769}",2,特上卓,2,特上卓 (2/2半荘),"{""特上卓"": 2}"
革と皮,128,特上卓,128,5,0.2654750710605687,0.2654750710605687,0.18674070552648223,1.9022584999999999,2.2060204609375003,3.5852549999999996,0.11670454999999995,1.085064,0.21625407376605,0.31893424999999986,"{""0"": 24, ""1"": 40, ""2"": 37, ""3"": 22, ""4"": 5}","{""0"": 1.095, ""1"": 2.175, ""2"": 2.18, ""3"": 1.891, ""4"": 1.821}","{""0"": 1.532, ""1"": 5.154, ""2"": 3.811, ""3"": 3.119, ""4"": 2.418}",2,特上卓,2,特上卓 (2/2半荘),"{""特上卓"": 2}"
ごきげんよう！！,127,特上卓,127,5,0.3477249123310174,0.3477249123310174,0.3299255921471041,2.674689,3.2148343149606293,6.521484000000004,0.32177569999999966,2.9099795,0.3902566619711331,-0.12311199999999989,"{""0"": 22, ""1"": 37, ""2"": 46, ""3"": 13, ""4"": 9}","{""0"": 0.927, ""1"": 2.806, ""2"": 2.772, ""3"": 3.837, ""4"": 2.02}","{""0"": 2.258, ""1"": 7.305, ""2"": 6.016, ""3"": 7.807, ""4"": 4.975}",1,特上卓,1,特上卓 (1/1半荘),"{""特上卓"": 1}"
狐千歳,127,特上卓,127,5,0.12869537666705844,0.12869537666705844,0.10609738122684038,1.745729,2.071588818897638,3.5247668,-0.0398097000000003,0.6391769999999999,0.16744754241501844,0.515542,"{""0"": 34, ""1"": 41, ""2"": 36, ""3"": 11, ""4"": 5}","{""0"": 1.375, ""1"": 2.011, ""2"": 1.981, ""3"": 1.619, ""4"": 1.372}","{""0"": 2.768, ""1"": 4.182, ""2"": 3.333, ""3"": 2.486, ""4"": 1.545}",1,特上卓,1,特上卓 (1/1半荘),"{""特上卓"": 1}"
なかざわーるどう,126,特上卓,126,5,0.420887138024024,0.420887138024024,0.3486636189177529,2.1351575,2.8782252857142856,5.7975955,0.53544815,2.4009605,0.36970304171605656,-0.8327450000000001,"{""0"": 15, ""1"": 40, ""2"": 49, ""3"": 14, ""4"": 8}","{""0"": 0.752, ""1"": 2.04, ""2"": 2.242, ""3"": 2.593, ""4"": 3.153}","{""0"": 0.896, ""1"": 6.359, ""2"": 5.927, ""3"": 3.929, ""4"": 5.953}",2,特上卓,1,特上卓 (1/2半荘),"{""特上卓"": 1, ""鳳凰卓"": 1}"
風林火川,125,特上卓,125,5,-0.10725254359349445,-0.10725254359349445,-0.12436135885777976,2.4078180000000002,2.7206406159999994,4.0025166,-0.09046605000000034,0.5838645,0.08624537598292097,0.30195375,"{""0"": 18, ""1"": 32, ""2"": 46, ""3"": 22, ""4"": 7}","{""0"": 2.356, ""1"": 2.457, ""2"": 2.537, ""3"": 2.357, ""4"": 1.954}","{""0"": 4.67, ""1"": 3.695, ""2"": 4.286, ""3"": 2.698, ""4"": 3.066}",1,特上卓,1,特上卓 (1/1半荘),"{""特上卓"": 1}"
kuroo,124,特上卓,124,5,-0.20945761496876428,-0.20945761496876428,-0.1576754712896799,2.560344,3.2843923145161296,5.491775700000001,-0.08837780000000006,4.347796,0.5537552994396184,3.0800564999999995,"{""0"": 7, ""1"": 17, ""2"": 49, ""3"": 41, ""4"": 10}","{""0"": 0.832, ""1"": 5.179, ""2"": 2.959, ""3"": 2.439, ""4"": 1.76}","{""0"": 3.321, ""1"": 8.852, ""2"": 5.338, ""3"": 4.309, ""4"": 3.188}",1,特上卓,1,特上卓 (1/1半荘),"{""特上卓"": 1}"
mlicca,124,特上卓,124,5,0.05737207981620338,0.05737207981620338,0.14807398361002985,2.9894245,3.2407524758064516,5.0922141000000005,-0.17868445000000005,2.1023324999999997,0.266073705558554,1.3070034999999995,"{""0"": 23, ""1"": 32, ""2"": 32, ""3"": 36, ""4"": 1}","{""0"": 2.282, ""1"": 3.747, ""2"": 2.846, ""3"": 3.236, ""4"": 1.645}","{""0"": 4.008, ""1"": 6.648, ""2"": 4.644, ""3"": 4.507, ""4"": 1.645}",1,特上卓,1,特上卓 (1/1半荘),"{""特上卓"": 1}"
yoshipin,124,特上卓,124,5,0.00879841063987369,0.00879841063987369,0.028577269014425987,2.049779,2.8304587499999996,5.1065069,0.10022255000000013,2.3597235000000003,0.37594668523132,1.2111925000000001,"{""0"": 9, ""1"": 32, ""2"": 53, ""3"": 21, ""4"": 9}","{""0"": 0.811, ""1"": 3.171, ""2"": 2.061, ""3"": 2.043, ""4"": 1.876}","{""0"": 1.117, ""1"": 5.128, ""2"": 5.81, ""3"": 4.395, ""4"": 3.06}",1,特上卓,1,特上卓 (1/1半荘),"{""特上卓"": 1}"
MrIndigo,121,特上卓,121,5,0.10828895748086369,0.10828895748086369,0.1276412075105991,2.214683,2.533162132231405,4.380283,0.06017139999999995,1.026101,0.18487096280337018,0.3240659999999995,"{""0"": 16, ""1"": 27, ""2"": 56, ""3"": 16, ""4"": 6}","{""0"": 1.417, ""1"": 2.301, ""2"": 2.444, ""3"": 2.17, ""4"": 1.784}","{""0"": 2.546, ""1"": 4.716, ""2"": 4.387, ""3"": 3.317, ""4"": 2.125}",1,特上卓,1,特上卓 (1/1半荘),"{""特上卓"": 1}"
かず坊,120,特上卓,120,5,0.06989747815940592,0.06989747815940592,0.08487523656363558,3.183887,3.5999505,6.265475100000001,0.07405644999999964,0.5666840000000004,0.05867440675686064,-0.11492424999999962,"{""0"": 22, ""1"": 29, ""2"": 28, ""3"": 36, ""4"": 5}","{""0"": 2.864, ""1"": 3.075, ""2"": 3.431, ""3"": 3.217, ""4"": 3.164}","{""0"": 4.542, ""1"": 6.491, ""2"": 6.347, ""3"": 5.527, ""4"": 3.482}",2,特上卓,1,特上卓 (1/2半荘),"{""不明"": 1, ""特上卓"": 1}"
怪我の功名,120,特上卓,120,5,0.31608166677149513,0.31608166677149513,0.3072643781590851,1.960509,2.598336625,4.911081800000001,0.2426330500000001,1.509725,0.29096318874480065,0.06556949999999984,"{""0"": 16, ""1"": 43, ""2"": 55, ""3"": 4, ""4"": 2}","{""0"": 0.819, ""1"": 2.047, ""2"": 2.329, ""3"": 1.813, ""4"": 2.149}","{""0"": 1.89, ""1"": 4.962, ""2"": 5.106, ""3"": 2.544, ""4"": 2.775}",1,特上卓,1,特上卓 (1/1半荘),"{""特上卓"": 1}"
しんせんじにく,119,特上卓,119,5,-0.19313841082777913,-0.19313841082777913,-0.11722833632388396,1.954037,2.263742680672269,3.4974336,-0.12946505000000008,0.4738589999999998,0.09707334702718794,0.36705049999999995,"{""0"": 28, ""1"": 32, ""2"": 32, ""3"": 20, ""4"": 7}","{""0"": 2.201, ""1"": 2.114, ""2"": 1.882, ""3"": 1.767, ""4"": 1.727}","{""0"": 2.705, ""1"": 3.681, ""2"": 3.613, ""3"": 2.521, ""4"": 2.235}",2,特上卓,1,特上卓 (1/2半荘),"{""不明"": 1, ""特上卓"": 1}"
たこるん,119,特上卓,119,4,0.0722417047904617,0.0722417047904617,0.06291872027555866,2.5578649999999996,2.7564386638655463,4.389979,0.2805877499999998,1.307734,0.2183171895768874,0.1672625000000001,"{""0"": 11, ""1"": 46, ""2"": 45, ""3"": 17}","{""0"": 1.433, ""1"": 2.433, ""2"": 2.741, ""3"": 2.266}","{""0"": 3.501, ""1"": 4.502, ""2"": 4.463, ""3"": 2.885}",1,特上卓,1,特上卓 (1/1半荘),"{""特上卓"": 1}"
天江衣,119,特上卓,119,5,0.29394018720480247,0.29394018720480247,0.28702278403246684,2.2775100000000004,2.92343050420168,5.9163832,0.31371280000000007,2.3246700000000002,0.33821573748049344,0.5042880000000003,"{""0"": 20, ""1"": 24, ""2"": 48, ""3"": 19, ""4"": 8}","{""0"": 0.837, ""1"": 3.161, ""2"": 2.402, ""3"": 2.656, ""4"": 2.658}","{""0"": 2.379, ""1"": 7.153, ""2"": 5.878, ""3"": 6.687, ""4"": 4.937}",2,特上卓,2,特上卓 (2/2半荘),"{""特上卓"": 2}"
monohon,118,上級卓,118,4,0.26159107225969097,0.26159107225969097,0.23984576152941647,2.4675035000000003,2.9232997372881355,5.826267199999999,0.44121200000000016,1.920801,0.3249338265762049,0.31876499999999997,"{""0"": 36, ""1"": 36, ""2"": 35, ""3"": 11}","{""0"": 1.026, ""1"": 2.947, ""2"": 2.553, ""3"": 2.628}","{""0"": 4.742, ""1"": 6.598, ""2"": 4.133, ""3"": 4.569}",1,上級卓,1,上級卓 (1/1半荘),"{""上級卓"": 1}"
オカルト研究会,118,特上卓,118,5,0.1592097433690301,0.1592097433690301,0.14266148870553705,2.220363,3.3337064830508476,7.7899715999999986,0.06198759999999992,2.2758585,0.38010744700945615,1.0508832499999998,"{""0"": 20, ""1"": 28, ""2"": 46, ""3"": 22, ""4"": 2}","{""0"": 0.973, ""1"": 2.873, ""2"": 3.249, ""3"": 1.85, ""4"": 1.794}","{""0"": 1.911, ""1"": 9.867, ""2"": 8.301, ""3"": 3.774, ""4"": 1.925}",1,特上卓,1,特上卓 (1/1半荘),"{""特上卓"": 1}"
おうもう,116,特上卓,116,5,0.04906376092696991,0.04906376092696991,0.03108178648763137,2.1103940000000003,2.5831494310344825,4.5480944999999995,0.2584491499999997,1.3854095,0.22553211668364004,-0.4672345,"{""0"": 22, ""1"": 36, ""2"": 30, ""3"": 25, ""4"": 3}","{""0"": 1.786, ""1"": 2.05, ""2"": 2.512, ""3"": 1.864, ""4"": 3.171}","{""0"": 4.908, ""1"": 5.161, ""2"": 4.4, ""3"": 2.97, ""4"": 7.456}",1,特上卓,1,特上卓 (1/1半荘),"{""特上卓"": 1}"
itsulove,115,上級卓,115,5,0.22065515414665313,0.22065515414665313,0.1885794722935657,3.482215,4.04397595652174,6.944344800000003,0.07686104999999982,1.409952,0.1874199348038696,0.43270649999999966,"{""0"": 19, ""1"": 30, ""2"": 48, ""3"": 17, ""4"": 1}","{""0"": 2.308, ""1"": 3.611, ""2"": 3.695, ""3"": 3.718, ""4"": 2.639}","{""0"": 5.259, ""1"": 6.457, ""2"": 7.917, ""3"": 6.67, ""4"": 2.639}",1,上級卓,1,上級卓 (1/1半荘),"{""上級卓"": 1}"
フジヤンFT,114,特上卓,114,5,0.13956560737757634,0.13956560737757634,0.12768852299501818,2.0852534999999994,2.6276535701754384,5.1310104,0.08020094999999987,1.0158955000000003,0.19048882520259608,0.49023000000000017,"{""0"": 20, ""1"": 32, ""2"": 31, ""3"": 27, ""4"": 4}","{""0"": 1.464, ""1"": 2.48, ""2"": 2.402, ""3"": 1.749, ""4"": 2.231}","{""0"": 1.844, ""1"": 5.404, ""2"": 5.636, ""3"": 3.547, ""4"": 5.051}",1,特上卓,1,特上卓 (1/1半荘),"{""特上卓"": 1}"
175S1,113,特上卓,113,5,0.2733664147725398,0.2733664147725398,0.29052574503206446,2.632437,3.0764932300884955,5.4451728,0.2971314999999999,2.268458,0.3213254685082889,0.4853255000000001,"{""0"": 19, ""1"": 27, ""2"": 43, ""3"": 19, ""4"": 5}","{""0"": 0.929, ""1"": 3.197, ""2"": 2.759, ""3"": 2.821, ""4"": 2.602}","{""0"": 3.033, ""1"": 5.264, ""2"": 6.286, ""3"": 4.175, ""4"": 2.819}",1,特上卓,1,特上卓 (1/1半荘),"{""特上卓"": 1}"
福瑞,111,特上卓,111,5,0.2954769690105213,0.2954769690105213,0.22123534799156794,1.6003610000000001,2.0257744594594596,3.3014859999999997,0.11554719999999996,1.21009,0.2856956046907407,0.3217954999999997,"{""0"": 18, ""1"": 30, ""2"": 34, ""3"": 22, ""4"": 7}","{""0"": 0.719, ""1"": 1.819, ""2"": 1.929, ""3"": 1.577, ""4"": 1.417}","{""0"": 1.207, ""1"": 4.302, ""2"": 2.941, ""3"": 3.049, ""4"": 4.215}",1,特上卓,1,特上卓 (1/1半荘),"{""特上卓"": 1}"
matsu_r,100,上級卓,100,5,0.18984317727549063,0.18984317727549063,0.271350423912346,3.2845560000000003,3.4648739699999997,5.153438600000001,0.19493344999999979,1.9171125,0.23914128052446873,0.5418077499999998,"{""0"": 12, ""1"": 32, ""2"": 38, ""3"": 16, ""4"": 2}","{""0"": 1.671, ""1"": 3.588, ""2"": 3.534, ""3"": 3.305, ""4"": 2.787}","{""0"": 2.505, ""1"": 5.942, ""2"": 5.222, ""3"": 3.958, ""4"": 2.88}",1,上級卓,1,上級卓 (1/1半荘),"{""上級卓"": 1}"
WKBXW,99,上級卓,99,5,0.13734026996696685,0.13734026996696685,0.06926870086936246,2.348839,3.0014727878787877,5.1886604,0.13024189999999972,1.8703815000000001,0.30508629986309876,0.11751299999999998,"{""0"": 10, ""1"": 32, ""2"": 38, ""3"": 15, ""4"": 4}","{""0"": 1.112, ""1"": 2.055, ""2"": 2.983, ""3"": 2.168, ""4"": 1.707}","{""0"": 6.196, ""1"": 4.286, ""2"": 6.181, ""3"": 4.661, ""4"": 2.411}",1,上級卓,1,上級卓 (1/1半荘),"{""上級卓"": 1}"
優良会員・・・２,97,上級卓,97,5,0.11664941238150879,0.11664941238150879,0.14302559102564433,1.993025,2.345590412371134,4.0650028,-0.010461000000000137,1.0407755,0.18650515278868937,0.6680740000000003,"{""0"": 20, ""1"": 29, ""2"": 24, ""3"": 19, ""4"": 5}","{""0"": 1.456, ""1"": 2.497, ""2"": 2.068, ""3"": 2.011, ""4"": 1.647}","{""0"": 2.837, ""1"": 4.468, ""2"": 2.643, ""3"": 4.01, ""4"": 2.087}",1,上級卓,1,上級卓 (1/1半荘),"{""上級卓"": 1}"
markino!,95,特上卓,95,5,0.4242828448133138,0.4242828448133138,0.4134326102634038,2.347,2.7826835789473683,5.0273418,0.4203640999999999,2.6865759999999996,0.3841498478828788,0.5549554999999997,"{""0"": 19, ""1"": 14, ""2"": 36, ""3"": 24, ""4"": 2}","{""0"": 0.822, ""1"": 3.509, ""2"": 2.428, ""3"": 2.458, ""4"": 3.449}","{""0"": 1.867, ""1"": 6.354, ""2"": 4.731, ""3"": 4.822, ""4"": 3.727}",1,特上卓,1,特上卓 (1/1半荘),"{""特上卓"": 1}"
s7055,95,特上卓,95,5,0.2529255390663044,0.2529255390663044,0.42446505312761035,3.3384780000000003,3.1594110631578953,4.4988612,0.49534299999999976,2.9978255000000003,0.37287550481833254,0.2820575000000005,"{""0"": 17, ""1"": 20, ""2"": 30, ""3"": 18, ""4"": 10}","{""0"": 0.791, ""1"": 3.789, ""2"": 3.384, ""3"": 3.703, ""4"": 3.311}","{""0"": 3.245, ""1"": 5.459, ""2"": 4.324, ""3"": 4.421, ""4"": 3.815}",1,特上卓,1,特上卓 (1/1半荘),"{""特上卓"": 1}"
yhm,95,上級卓,95,5,0.024856728622763093,0.024856728622763093,0.048566556436389165,2.981949,3.522814442105263,6.403292600000002,0.1288598499999999,1.0979335,0.15478153506116102,0.4393124999999998,"{""0"": 12, ""1"": 38, ""2"": 27, ""3"": 13, ""4"": 5}","{""0"": 2.21, ""1"": 3.308, ""2"": 2.947, ""3"": 2.458, ""4"": 3.279}","{""0"": 5.461, ""1"": 7.088, ""2"": 4.914, ""3"": 3.651, ""4"": 3.524}",1,上級卓,1,上級卓 (1/1半荘),"{""上級卓"": 1}"
Ds.,94,上級卓,94,5,0.3310214032127262,0.3310214032127262,0.3211094484404045,2.430183,3.0462592340425543,4.668116800000001,0.5139991000000003,2.3261700000000003,0.3060361765651111,-0.6392995000000004,"{""0"": 15, ""1"": 29, ""2"": 29, ""3"": 17, ""4"": 4}","{""0"": 1.134, ""1"": 2.669, ""2"": 2.663, ""3"": 3.157, ""4"": 3.46}","{""0"": 2.38, ""1"": 5.971, ""2"": 3.727, ""3"": 5.203, ""4"": 4.617}",1,上級卓,1,上級卓 (1/1半荘),"{""上級卓"": 1}"
ぴかーる,91,特上卓,91,5,0.28688555593338216,0.28688555593338216,0.2521667205765089,2.918906,3.370590879120879,6.359867,0.49922944999999985,2.926766,0.37181644568528505,0.14387799999999995,"{""0"": 13, ""1"": 42, ""2"": 27, ""3"": 7, ""4"": 2}","{""0"": 0.914, ""1"": 3.267, ""2"": 3.034, ""3"": 2.406, ""4"": 3.841}","{""0"": 1.24, ""1"": 7.802, ""2"": 4.389, ""3"": 4.098, ""4"": 4.128}",1,特上卓,1,特上卓 (1/1半荘),"{""特上卓"": 1}"
ふぁび2,90,特上卓,90,5,0.2208156479168719,0.2208156479168719,0.11377574029899261,1.821096,2.5063571777777782,4.471805900000005,0.09849939999999993,1.34789,0.2856075902482893,0.5467395000000002,"{""0"": 15, ""1"": 32, ""2"": 25, ""3"": 13, ""4"": 5}","{""0"": 0.825, ""1"": 2.173, ""2"": 2.049, ""3"": 1.697, ""4"": 1.556}","{""0"": 1.681, ""1"": 6.789, ""2"": 4.802, ""3"": 2.737, ""4"": 2.599}",1,特上卓,1,特上卓 (1/1半荘),"{""特上卓"": 1}"
梅さん129,90,特上卓,90,5,0.054138821397590756,0.054138821397590756,-0.02360223878638248,1.8905440000000002,2.1615299999999995,3.301891700000002,-0.0013178000000000614,1.2707970000000002,0.2543491773401936,0.3516384999999995,"{""0"": 23, ""1"": 29, ""2"": 26, ""3"": 9, ""4"": 3}","{""0"": 1.477, ""1"": 2.316, ""2"": 1.81, ""3"": 2.6, ""4"": 1.329}","{""0"": 3.634, ""1"": 3.568, ""2"": 2.754, ""3"": 2.963, ""4"": 1.556}",1,特上卓,1,特上卓 (1/1半荘),"{""特上卓"": 1}"
Fsight,89,特上卓,89,5,-0.0030811691711188707,-0.0030811691711188707,-0.004188787871142895,2.046573,2.125162382022472,2.9888417999999994,-0.12840515000000036,0.6701070000000005,0.11726768790872316,0.001467500000000177,"{""0"": 7, ""1"": 28, ""2"": 37, ""3"": 14, ""4"": 3}","{""0"": 2.513, ""1"": 1.902, ""2"": 2.155, ""3"": 1.958, ""4"": 1.842}","{""0"": 3.404, ""1"": 3.21, ""2"": 2.91, ""3"": 2.933, ""4"": 2.759}",1,特上卓,1,特上卓 (1/1半荘),"{""特上卓"": 1}"
桃李言わざれども,89,特上卓,89,5,0.18135975037358198,0.18135975037358198,0.1412542783084542,1.852655,2.2336035617977528,4.3703672000000005,-0.04281755000000009,0.6195390000000001,0.1329873258648395,0.3638334999999999,"{""0"": 28, ""1"": 22, ""2"": 24, ""3"": 14, ""4"": 1}","{""0"": 1.558, ""1"": 1.957, ""2"": 2.078, ""3"": 1.727, ""4"": 1.459}","{""0"": 3.31, ""1"": 5.195, ""2"": 4.406, ""3"": 2.473, ""4"": 1.459}",1,特上卓,1,特上卓 (1/1半荘),"{""特上卓"": 1}"
正氣十足,89,特上卓,89,5,0.18795712637027595,0.18795712637027595,0.23418597704792496,2.46056,2.926700449438202,5.2306394,0.36765664999999964,1.9184624999999995,0.3337779942269448,-0.2691402499999995,"{""0"": 3, ""1"": 27, ""2"": 26, ""3"": 18, ""4"": 15}","{""0"": 0.741, ""1"": 2.247, ""2"": 2.621, ""3"": 2.66, ""4"": 2.373}","{""0"": 2.11, ""1"": 3.767, ""2"": 5.113, ""3"": 6.463, ""4"": 3.715}",1,特上卓,1,特上卓 (1/1半荘),"{""特上卓"": 1}"
Bomzhong,88,特上卓,88,5,0.12564065364975097,0.12564065364975097,0.14042102545402022,2.3205270000000002,2.671190636363636,4.1896248,0.18481509999999976,1.4863280000000003,0.23568015537712042,0.4579070000000005,"{""0"": 11, ""1"": 31, ""2"": 28, ""3"": 11, ""4"": 7}","{""0"": 1.288, ""1"": 2.774, ""2"": 2.167, ""3"": 2.067, ""4"": 2.565}","{""0"": 1.455, ""1"": 5.323, ""2"": 3.518, ""3"": 5.016, ""4"": 3.685}",1,特上卓,1,特上卓 (1/1半荘),"{""特上卓"": 1}"
skybit,88,特上卓,88,5,-0.177197495460589,-0.177197495460589,-0.2013855728348116,2.500757,3.354698659090909,6.3437598999999985,-0.18308630000000042,1.2871795000000001,0.18532445795264976,0.42158525000000036,"{""0"": 11, ""1"": 21, ""2"": 36, ""3"": 14, ""4"": 6}","{""0"": 2.514, ""1"": 2.319, ""2"": 3.008, ""3"": 2.074, ""4"": 1.721}","{""0"": 8.162, ""1"": 5.838, ""2"": 7.174, ""3"": 3.3, ""4"": 2.847}",2,鳳凰卓,1,鳳凰卓 (1/2半荘),"{""特上卓"": 1, ""鳳凰卓"": 1}"
皆蔵トマル,87,特上卓,87,5,0.09827761802468582,0.09827761802468582,0.11474559183978858,2.495739,3.1757837126436788,5.682277000000002,0.14909680000000003,2.05403,0.34473615602984614,0.3304520000000002,"{""0"": 10, ""1"": 21, ""2"": 25, ""3"": 25, ""4"": 6}","{""0"": 1.024, ""1"": 2.549, ""2"": 3.078, ""3"": 2.787, ""4"": 1.65}","{""0"": 2.574, ""1"": 6.162, ""2"": 4.7, ""3"": 5.733, ""4"": 2.263}",4,特上卓,4,特上卓 (4/4半荘),"{""特上卓"": 4}"
せんざんこうさん,86,特上卓,86,5,0.2934674884723313,0.2934674884723313,0.23968801153150399,2.5536955,2.8864529767441858,4.440659,0.41892594999999994,2.2090690000000004,0.26939573465024363,-0.3096060000000005,"{""0"": 21, ""1"": 32, ""2"": 16, ""3"": 15, ""4"": 2}","{""0"": 1.427, ""1"": 2.788, ""2"": 2.695, ""3"": 2.559, ""4"": 3.636}","{""0"": 4.137, ""1"": 6.027, ""2"": 3.7, ""3"": 4.434, ""4"": 3.851}",1,特上卓,1,特上卓 (1/1半荘),"{""特上卓"": 1}"
シゲルペペ,86,特上卓,86,5,0.21509976318393215,0.21509976318393215,0.2711650638003502,1.7612405,1.8999514186046509,2.731053,0.22491339999999982,1.1003694999999998,0.23572957579099466,-0.09774499999999997,"{""0"": 12, ""1"": 29, ""2"": 26, ""3"": 15, ""4"": 4}","{""0"": 0.923, ""1"": 1.876, ""2"": 1.679, ""3"": 1.925, ""4"": 2.024}","{""0"": 2.252, ""1"": 2.568, ""2"": 2.933, ""3"": 3.682, ""4"": 2.334}",1,特上卓,1,特上卓 (1/1半荘),"{""特上卓"": 1}"
綿雪,86,特上卓,86,5,-0.04168502759357296,-0.04168502759357296,-0.13934046540641043,2.1993865,2.981757627906977,5.375445,0.0682199499999999,1.084273,0.19604889028507058,0.4011912500000001,"{""0"": 9, ""1"": 36, ""2"": 20, ""3"": 12, ""4"": 9}","{""0"": 1.435, ""1"": 2.519, ""2"": 2.387, ""3"": 2.401, ""4"": 1.835}","{""0"": 8.108, ""1"": 6.497, ""2"": 3.727, ""3"": 4.043, ""4"": 3.671}",1,特上卓,1,特上卓 (1/1半荘),"{""特上卓"": 1}"
こいきき,85,特上卓,85,4,-0.0006312695221458606,-0.0006312695221458606,-0.010309392214737432,1.731037,2.2419264117647058,3.3607542000000015,-0.03468069999999974,0.5460799999999999,0.13455337723813426,0.51993,"{""0"": 17, ""1"": 45, ""2"": 18, ""3"": 5}","{""0"": 1.461, ""1"": 2.007, ""2"": 1.582, ""3"": 1.487}","{""0"": 3.099, ""1"": 3.488, ""2"": 2.553, ""3"": 3.096}",1,特上卓,1,特上卓 (1/1半荘),"{""特上卓"": 1}"
欧陽,85,特上卓,85,5,0.1285141598855528,0.1285141598855528,0.18987956357951435,2.996343,3.545662435294117,7.153079800000002,0.8695938999999998,5.5497955,0.5249351217951839,0.6717804999999997,"{""0"": 8, ""1"": 15, ""2"": 35, ""3"": 26, ""4"": 1}","{""0"": 0.802, ""1"": 5.292, ""2"": 3.182, ""3"": 2.888, ""4"": 6.352}","{""0"": 2.941, ""1"": 8.703, ""2"": 5.678, ""3"": 6.882, ""4"": 6.352}",3,特上卓,1,特上卓 (1/3半荘),"{""不明"": 2, ""特上卓"": 1}"
馬老C,83,特上卓,83,5,0.07955239112077823,0.07955239112077823,0.045649252010378776,2.2665569999999997,2.7792047349397597,4.284319600000001,0.2403068499999996,1.3389125000000002,0.18756633860518213,-0.1677237500000004,"{""0"": 20, ""1"": 20, ""2"": 17, ""3"": 22, ""4"": 4}","{""0"": 1.879, ""1"": 2.607, ""2"": 2.148, ""3"": 2.333, ""4"": 3.218}","{""0"": 4.035, ""1"": 5.198, ""2"": 3.772, ""3"": 3.406, ""4"": 6.118}",2,特上卓,2,特上卓 (2/2半荘),"{""特上卓"": 2}"
きんたまに咲く花,81,特上卓,81,5,0.1382367118171602,0.1382367118171602,0.06592319385415811,1.435768,1.9727793703703704,3.60252,0.0941992999999999,0.8275005000000001,0.20454792940818828,0.21367800000000003,"{""0"": 13, ""1"": 17, ""2"": 24, ""3"": 23, ""4"": 4}","{""0"": 0.894, ""1"": 1.664, ""2"": 1.721, ""3"": 1.409, ""4"": 1.493}","{""0"": 1.414, ""1"": 5.441, ""2"": 4.113, ""3"": 2.217, ""4"": 1.904}",3,特上卓,3,特上卓 (3/3半荘),"{""特上卓"": 3}"
